# Blender 4.4.3
# www.blender.org
o house
v -1.900000 0.300000 2.800001
v -1.800000 0.300000 2.900001
v -1.800000 0.400000 2.800001
v -2.000000 0.300000 1.900000
v -1.900000 0.300000 2.000000
v -1.800000 0.400000 1.800000
v -2.800000 0.300000 -1.900000
v -2.900000 0.300000 -1.800000
v -2.800000 0.400000 -1.800000
v -2.800000 0.300000 1.900000
v -2.800000 0.400000 1.800000
v -2.900000 0.300000 1.800000
v 1.900000 0.300000 2.800001
v 1.800000 0.400000 2.800001
v 1.800000 0.300000 2.900001
v 2.000000 0.300000 1.900000
v 1.800000 0.400000 1.800000
v 1.900000 0.300000 2.000000
v 2.800000 0.300000 -1.900000
v 2.800000 0.400000 -1.800000
v 2.900000 0.300000 -1.800000
v 2.800000 0.300000 1.900000
v 2.900000 0.300000 1.800000
v 2.800000 0.400000 1.800000
v -1.800000 0.000000 2.900001
v -1.900000 0.000000 2.800001
v -1.900000 0.000000 2.000000
v -2.000000 0.000000 1.900000
v -2.900000 -0.000000 -1.800000
v -2.800000 -0.000000 -1.900000
v -2.800000 0.000000 1.900000
v -2.900000 0.000000 1.800000
v 1.900000 0.000000 2.800001
v 1.800000 0.000000 2.900001
v 2.000000 0.000000 1.900000
v 1.900000 0.000000 2.000000
v 2.800000 -0.000000 -1.900000
v 2.900000 -0.000000 -1.800000
v 2.900000 0.000000 1.800000
v 2.800000 0.000000 1.900000
v -1.650000 0.400000 2.700000
v -1.700000 0.400000 2.650000
v -1.700000 3.000000 2.650001
v -1.650000 3.000000 2.700001
v -1.700000 0.400000 2.350000
v -1.650000 0.400000 2.300000
v -1.650000 3.000000 2.300001
v -1.700000 3.000000 2.350001
v -1.300000 0.400000 2.650000
v -1.350000 0.400000 2.700000
v -1.350000 3.000000 2.700001
v -1.300000 3.000000 2.650001
v -1.350000 0.400000 2.300000
v -1.300000 0.400000 2.350000
v -1.300000 3.000000 2.350001
v -1.350000 3.000000 2.300001
v -1.650000 0.820000 2.700000
v -1.650000 1.020000 2.700001
v -1.610983 0.920000 2.647977
v -1.700000 0.820000 2.650000
v -1.700000 1.020000 2.650000
v -1.647977 0.920000 2.610983
v -1.650000 1.020000 2.300000
v -1.650000 0.820000 2.300000
v -1.610983 0.920000 2.352023
v -1.700000 1.020000 2.350001
v -1.700000 0.820000 2.350000
v -1.647977 0.920000 2.389018
v -1.300000 1.020000 2.350001
v -1.300000 0.820000 2.350000
v -1.352023 0.920000 2.389018
v -1.350000 0.820000 2.300000
v -1.350000 1.020000 2.300000
v -1.389017 0.920000 2.352023
v -1.350000 1.020000 2.700001
v -1.350000 0.820000 2.700000
v -1.389017 0.920000 2.647977
v -1.300000 0.820000 2.650000
v -1.300000 1.020000 2.650000
v -1.352023 0.920000 2.610983
v 2.350000 0.400000 -1.300000
v 2.300000 0.400000 -1.350000
v 2.300000 3.000000 -1.350000
v 2.350000 3.000000 -1.300000
v 2.300000 0.400000 -1.650000
v 2.350000 0.400000 -1.700000
v 2.350000 3.000000 -1.700000
v 2.300000 3.000000 -1.650000
v 2.700000 0.400000 -1.350000
v 2.650000 0.400000 -1.300000
v 2.650000 3.000000 -1.300000
v 2.700000 3.000000 -1.350000
v 2.650000 0.400000 -1.700000
v 2.700000 0.400000 -1.650000
v 2.700000 3.000000 -1.650000
v 2.650000 3.000000 -1.700000
v 2.350000 0.820000 -1.300000
v 2.350000 1.020000 -1.300000
v 2.389017 0.920000 -1.352023
v 2.300000 0.820000 -1.350000
v 2.300000 1.020000 -1.350000
v 2.352023 0.920000 -1.389017
v 2.350000 1.020000 -1.700000
v 2.350000 0.820000 -1.700000
v 2.389017 0.920000 -1.647977
v 2.300000 1.020000 -1.650000
v 2.300000 0.820000 -1.650000
v 2.352023 0.920000 -1.610983
v 2.700000 1.020000 -1.650000
v 2.700000 0.820000 -1.650000
v 2.647977 0.920000 -1.610983
v 2.650000 0.820000 -1.700000
v 2.650000 1.020000 -1.700000
v 2.610983 0.920000 -1.647977
v 2.650000 1.020000 -1.300000
v 2.650000 0.820000 -1.300000
v 2.610983 0.920000 -1.352023
v 2.700000 0.820000 -1.350000
v 2.700000 1.020000 -1.350000
v 2.647977 0.920000 -1.389017
v -2.650000 0.400000 -1.300000
v -2.700000 0.400000 -1.350000
v -2.700000 3.000000 -1.349999
v -2.650000 3.000000 -1.299999
v -2.700000 0.400000 -1.650000
v -2.650000 0.400000 -1.700000
v -2.650000 3.000000 -1.699999
v -2.700000 3.000000 -1.649999
v -2.300000 0.400000 -1.350000
v -2.350000 0.400000 -1.300000
v -2.350000 3.000000 -1.299999
v -2.300000 3.000000 -1.349999
v -2.350000 0.400000 -1.700000
v -2.300000 0.400000 -1.650000
v -2.300000 3.000000 -1.649999
v -2.350000 3.000000 -1.699999
v -2.650000 0.820000 -1.300000
v -2.650000 1.020000 -1.300000
v -2.610983 0.920000 -1.352023
v -2.700000 0.820000 -1.350000
v -2.700000 1.020000 -1.350000
v -2.647977 0.920000 -1.389017
v -2.650000 1.020000 -1.700000
v -2.650000 0.820000 -1.700000
v -2.610983 0.920000 -1.647977
v -2.700000 1.020000 -1.650000
v -2.700000 0.820000 -1.650000
v -2.647977 0.920000 -1.610982
v -2.300000 1.020000 -1.650000
v -2.300000 0.820000 -1.650000
v -2.352023 0.920000 -1.610982
v -2.350000 0.820000 -1.700000
v -2.350000 1.020000 -1.700000
v -2.389017 0.920000 -1.647977
v -2.350000 1.020000 -1.300000
v -2.350000 0.820000 -1.300000
v -2.389017 0.920000 -1.352023
v -2.300000 0.820000 -1.350000
v -2.300000 1.020000 -1.350000
v -2.352023 0.920000 -1.389017
v -1.635408 3.000000 1.635409
v -1.629327 3.000000 2.629327
v -2.629327 3.000000 1.629327
v -2.629327 3.000001 -1.629326
v 1.635408 3.000000 1.635409
v 1.629327 3.000000 2.629327
v 2.629327 3.000000 1.629327
v 2.629327 3.000001 -1.629326
v -2.700000 3.000000 1.650001
v -2.650000 3.000000 1.700001
v -1.700000 3.000000 2.650001
v -1.650000 3.000000 2.700001
v -1.700000 3.000000 1.700001
v -2.650000 3.000001 -1.700000
v -2.700000 3.000001 -1.650000
v 2.700000 3.000000 1.650001
v 2.650000 3.000000 1.700001
v 1.700000 3.000000 2.650001
v 1.650000 3.000000 2.700001
v 1.700000 3.000000 1.700001
v 2.650000 3.000001 -1.700000
v 2.700000 3.000001 -1.650000
v -1.635408 3.400001 1.635409
v -1.629327 3.400001 2.629327
v -2.629327 3.400001 1.629327
v -2.629327 3.400001 -1.629326
v 1.635408 3.400001 1.635409
v 1.629327 3.400001 2.629327
v 2.629327 3.400001 1.629327
v 2.629327 3.400001 -1.629326
v -2.700000 3.400001 1.650001
v -2.650000 3.400001 1.700001
v -1.700000 3.400001 2.650001
v -1.650000 3.400001 2.700001
v -1.700000 3.400001 1.700001
v -2.650000 3.400001 -1.700000
v -2.700000 3.400001 -1.650000
v 2.700000 3.400001 1.650001
v 2.650000 3.400001 1.700001
v 1.700000 3.400001 2.650001
v 1.650000 3.400001 2.700001
v 1.700000 3.400001 1.700001
v 2.650000 3.400001 -1.700000
v 2.700000 3.400001 -1.650000
v 1.350000 0.400000 2.700000
v 1.300000 0.400000 2.650000
v 1.300000 3.000000 2.650001
v 1.350000 3.000000 2.700001
v 1.300000 0.400000 2.350000
v 1.350000 0.400000 2.300000
v 1.350000 3.000000 2.300001
v 1.300000 3.000000 2.350001
v 1.700000 0.400000 2.650000
v 1.650000 0.400000 2.700000
v 1.650000 3.000000 2.700001
v 1.700000 3.000000 2.650001
v 1.650000 0.400000 2.300000
v 1.700000 0.400000 2.350000
v 1.700000 3.000000 2.350001
v 1.650000 3.000000 2.300001
v 1.350000 0.820000 2.700000
v 1.350000 1.020000 2.700001
v 1.389017 0.920000 2.647977
v 1.300000 0.820000 2.650000
v 1.300000 1.020000 2.650000
v 1.352023 0.920000 2.610983
v 1.350000 1.020000 2.300000
v 1.350000 0.820000 2.300000
v 1.389017 0.920000 2.352023
v 1.300000 1.020000 2.350001
v 1.300000 0.820000 2.350000
v 1.352023 0.920000 2.389018
v 1.700000 1.020000 2.350001
v 1.700000 0.820000 2.350000
v 1.647977 0.920000 2.389018
v 1.650000 0.820000 2.300000
v 1.650000 1.020000 2.300000
v 1.610983 0.920000 2.352023
v 1.650000 1.020000 2.700001
v 1.650000 0.820000 2.700000
v 1.610983 0.920000 2.647977
v 1.700000 0.820000 2.650000
v 1.700000 1.020000 2.650000
v 1.647977 0.920000 2.610983
v 2.350000 0.400000 1.700000
v 2.300000 0.400000 1.650000
v 2.300000 3.000000 1.650001
v 2.350000 3.000000 1.700001
v 2.300000 0.400000 1.350000
v 2.350000 0.400000 1.300000
v 2.350000 3.000000 1.300001
v 2.300000 3.000000 1.350001
v 2.700000 0.400000 1.650000
v 2.650000 0.400000 1.700000
v 2.650000 3.000000 1.700001
v 2.700000 3.000000 1.650001
v 2.650000 0.400000 1.300000
v 2.700000 0.400000 1.350000
v 2.700000 3.000000 1.350001
v 2.650000 3.000000 1.300001
v 2.350000 0.820000 1.700000
v 2.350000 1.020000 1.700000
v 2.389017 0.920000 1.647977
v 2.300000 0.820000 1.650000
v 2.300000 1.020000 1.650000
v 2.352023 0.920000 1.610983
v 2.350000 1.020000 1.300000
v 2.350000 0.820000 1.300000
v 2.389017 0.920000 1.352023
v 2.300000 1.020000 1.350000
v 2.300000 0.820000 1.350000
v 2.352023 0.920000 1.389018
v 2.700000 1.020000 1.350000
v 2.700000 0.820000 1.350000
v 2.647977 0.920000 1.389018
v 2.650000 0.820000 1.300000
v 2.650000 1.020000 1.300000
v 2.610983 0.920000 1.352023
v 2.650000 1.020000 1.700000
v 2.650000 0.820000 1.700000
v 2.610983 0.920000 1.647977
v 2.700000 0.820000 1.650000
v 2.700000 1.020000 1.650000
v 2.647977 0.920000 1.610983
v 1.749059 2.168350 1.926428
v 1.715419 2.479043 1.953341
v 1.749059 2.168350 1.684920
v 1.715419 2.479043 1.658008
v 2.050944 2.168350 1.926428
v 2.084584 2.479043 1.953341
v 2.050944 2.168350 1.684920
v 2.084584 2.479043 1.658008
v 1.744644 2.203081 1.876854
v 1.719834 2.444312 1.892733
v 1.719834 2.444312 1.718615
v 1.744644 2.203081 1.734494
v 1.811026 2.203081 1.681388
v 1.791178 2.444312 1.661540
v 2.008825 2.444312 1.661540
v 1.988977 2.203081 1.681388
v 2.055359 2.203081 1.734494
v 2.080169 2.444312 1.718615
v 2.080169 2.444312 1.892733
v 2.055359 2.203081 1.876854
v 1.988977 2.203081 1.929960
v 2.008825 2.444312 1.949808
v 1.791178 2.444312 1.949808
v 1.811026 2.203081 1.929960
v 1.789486 2.208733 1.876854
v 1.764675 2.449964 1.892733
v 1.789486 2.208733 1.734494
v 1.764675 2.449964 1.718615
v 1.791178 2.449964 1.697413
v 1.811026 2.208733 1.717261
v 1.988977 2.208733 1.717261
v 2.008825 2.449964 1.697413
v 2.035328 2.449964 1.718615
v 2.010517 2.208733 1.734494
v 2.010517 2.208733 1.876854
v 2.035328 2.449964 1.892733
v 2.008825 2.449964 1.913935
v 1.988977 2.208733 1.894087
v 1.811026 2.208733 1.894087
v 1.791178 2.449964 1.913935
v 1.701479 2.148997 1.667260
v 1.718382 2.168350 1.660378
v 1.722180 2.148771 1.646904
v 1.701479 2.148997 1.944088
v 1.722180 2.148771 1.964445
v 1.718382 2.168350 1.950970
v 2.077823 2.148771 1.646904
v 2.081621 2.168350 1.660378
v 2.098524 2.148997 1.667260
v 2.098524 2.148997 1.944088
v 2.081621 2.168350 1.950970
v 2.077823 2.148771 1.964445
v 1.713429 2.103197 1.676820
v 1.734012 2.103423 1.656369
v 1.738478 2.083845 1.680455
v 1.713429 2.103197 1.934528
v 1.738478 2.083845 1.930893
v 1.734012 2.103423 1.954979
v 2.065991 2.103423 1.656369
v 2.086574 2.103197 1.676820
v 2.061525 2.083845 1.680455
v 2.086574 2.103197 1.934528
v 2.065991 2.103423 1.954979
v 2.061525 2.083845 1.930893
v 1.780177 2.618052 1.930319
v 1.744196 2.618052 1.896742
v 1.744196 2.618052 1.714607
v 1.780177 2.618052 1.681030
v 2.019826 2.618052 1.681030
v 2.055807 2.618052 1.714607
v 2.055807 2.618052 1.896742
v 2.019826 2.618052 1.930319
v 1.857255 2.685557 1.833463
v 1.857255 2.685557 1.777886
v 1.942748 2.685557 1.777886
v 1.942748 2.685557 1.833463
v 1.670453 2.479043 2.011181
v 1.657558 2.499043 2.027830
v 1.622307 2.499043 1.994599
v 1.643052 2.479043 1.985430
v 1.643052 2.479043 1.625919
v 1.622307 2.499043 1.616750
v 1.657558 2.499043 1.583519
v 1.670453 2.479043 1.600168
v 2.129550 2.479043 1.600168
v 2.142445 2.499043 1.583519
v 2.177696 2.499043 1.616750
v 2.156950 2.479043 1.625919
v 2.156950 2.479043 1.985430
v 2.177696 2.499043 1.994599
v 2.142445 2.499043 2.027830
v 2.129550 2.479043 2.011181
v 1.657668 2.543548 2.027830
v 1.674404 2.570975 2.014543
v 1.638910 2.570972 1.981185
v 1.622307 2.543548 1.994531
v 1.622307 2.543548 1.616817
v 1.638910 2.570972 1.630164
v 1.674404 2.570975 1.596806
v 1.657668 2.543548 1.583519
v 2.142335 2.543548 1.583519
v 2.125599 2.570975 1.596806
v 2.161093 2.570972 1.630164
v 2.177696 2.543548 1.616817
v 2.177696 2.543548 1.994531
v 2.161093 2.570972 1.981185
v 2.125599 2.570975 2.014543
v 2.142335 2.543548 2.027830
v 1.854073 1.956724 1.851348
v 1.854073 2.089828 1.851348
v 1.854073 2.089828 1.760000
v 1.945930 1.956724 1.851348
v 1.945930 2.089828 1.851348
v 1.945930 2.089828 1.760000
v 1.854073 2.043276 1.760000
v 1.945930 2.043276 1.760000
v 1.854073 2.043276 1.500000
v 1.854073 1.956724 1.500000
v 1.945930 1.956724 1.500000
v 1.945930 2.043276 1.500000
v -2.050940 2.168350 1.926428
v -2.084581 2.479043 1.953341
v -2.050940 2.168350 1.684920
v -2.084581 2.479043 1.658008
v -1.749055 2.168350 1.926428
v -1.715415 2.479043 1.953341
v -1.749055 2.168350 1.684920
v -1.715415 2.479043 1.658008
v -2.055355 2.203081 1.876854
v -2.080166 2.444312 1.892733
v -2.080166 2.444312 1.718615
v -2.055355 2.203081 1.734494
v -1.988973 2.203081 1.681388
v -2.008821 2.444312 1.661540
v -1.791174 2.444312 1.661540
v -1.811023 2.203081 1.681388
v -1.744640 2.203081 1.734494
v -1.719830 2.444312 1.718615
v -1.719830 2.444312 1.892733
v -1.744640 2.203081 1.876854
v -1.811023 2.203081 1.929960
v -1.791174 2.444312 1.949808
v -2.008821 2.444312 1.949808
v -1.988973 2.203081 1.929960
v -2.010514 2.208733 1.876854
v -2.035324 2.449964 1.892733
v -2.010514 2.208733 1.734494
v -2.035324 2.449964 1.718615
v -2.008821 2.449964 1.697413
v -1.988973 2.208733 1.717261
v -1.811023 2.208733 1.717261
v -1.791174 2.449964 1.697413
v -1.764671 2.449964 1.718615
v -1.789482 2.208733 1.734494
v -1.789482 2.208733 1.876854
v -1.764671 2.449964 1.892733
v -1.791174 2.449964 1.913935
v -1.811023 2.208733 1.894087
v -1.988973 2.208733 1.894087
v -2.008821 2.449964 1.913935
v -2.098520 2.148997 1.667260
v -2.081618 2.168350 1.660378
v -2.077819 2.148771 1.646904
v -2.098520 2.148997 1.944088
v -2.077819 2.148771 1.964445
v -2.081618 2.168350 1.950970
v -1.722177 2.148771 1.646904
v -1.718378 2.168350 1.660378
v -1.701476 2.148997 1.667260
v -1.701476 2.148997 1.944088
v -1.718378 2.168350 1.950970
v -1.722177 2.148771 1.964445
v -2.086570 2.103197 1.676820
v -2.065987 2.103423 1.656369
v -2.061521 2.083845 1.680455
v -2.086570 2.103197 1.934528
v -2.061521 2.083845 1.930893
v -2.065987 2.103423 1.954979
v -1.734008 2.103423 1.656369
v -1.713425 2.103197 1.676820
v -1.738474 2.083845 1.680455
v -1.713425 2.103197 1.934528
v -1.734008 2.103423 1.954979
v -1.738474 2.083845 1.930893
v -2.019823 2.618052 1.930319
v -2.055803 2.618052 1.896742
v -2.055803 2.618052 1.714607
v -2.019823 2.618052 1.681030
v -1.780173 2.618052 1.681030
v -1.744192 2.618052 1.714607
v -1.744192 2.618052 1.896742
v -1.780173 2.618052 1.930319
v -1.942744 2.685557 1.833463
v -1.942744 2.685557 1.777886
v -1.857252 2.685557 1.777886
v -1.857252 2.685557 1.833463
v -2.129547 2.479043 2.011181
v -2.142441 2.499043 2.027830
v -2.177692 2.499043 1.994599
v -2.156947 2.479043 1.985430
v -2.156947 2.479043 1.625919
v -2.177692 2.499043 1.616750
v -2.142441 2.499043 1.583519
v -2.129547 2.479043 1.600168
v -1.670449 2.479043 1.600168
v -1.657555 2.499043 1.583519
v -1.622303 2.499043 1.616750
v -1.643049 2.479043 1.625919
v -1.643049 2.479043 1.985430
v -1.622303 2.499043 1.994599
v -1.657555 2.499043 2.027830
v -1.670449 2.479043 2.011181
v -2.142331 2.543548 2.027830
v -2.125596 2.570975 2.014543
v -2.161089 2.570972 1.981185
v -2.177692 2.543548 1.994531
v -2.177692 2.543548 1.616817
v -2.161089 2.570972 1.630164
v -2.125596 2.570975 1.596806
v -2.142331 2.543548 1.583519
v -1.657664 2.543548 1.583519
v -1.674400 2.570975 1.596806
v -1.638906 2.570972 1.630164
v -1.622303 2.543548 1.616817
v -1.622303 2.543548 1.994531
v -1.638906 2.570972 1.981185
v -1.674400 2.570975 2.014543
v -1.657664 2.543548 2.027830
v -1.945926 1.956724 1.851348
v -1.945926 2.089828 1.851348
v -1.945926 2.089828 1.760000
v -1.854070 1.956724 1.851348
v -1.854070 2.089828 1.851348
v -1.854070 2.089828 1.760000
v -1.945926 2.043276 1.760000
v -1.854070 2.043276 1.760000
v -1.945926 2.043276 1.500000
v -1.945926 1.956724 1.500000
v -1.854070 1.956724 1.500000
v -1.854070 2.043276 1.500000
v -2.650000 0.400000 1.700000
v -2.700000 0.400000 1.650000
v -2.700000 3.000000 1.650001
v -2.650000 3.000000 1.700001
v -2.700000 0.400000 1.350000
v -2.650000 0.400000 1.300000
v -2.650000 3.000000 1.300001
v -2.700000 3.000000 1.350001
v -2.300000 0.400000 1.650000
v -2.350000 0.400000 1.700000
v -2.350000 3.000000 1.700001
v -2.300000 3.000000 1.650001
v -2.350000 0.400000 1.300000
v -2.300000 0.400000 1.350000
v -2.300000 3.000000 1.350001
v -2.350000 3.000000 1.300001
v -2.650000 0.820000 1.700000
v -2.650000 1.020000 1.700000
v -2.610983 0.920000 1.647977
v -2.700000 0.820000 1.650000
v -2.700000 1.020000 1.650000
v -2.647977 0.920000 1.610983
v -2.650000 1.020000 1.300000
v -2.650000 0.820000 1.300000
v -2.610983 0.920000 1.352023
v -2.700000 1.020000 1.350000
v -2.700000 0.820000 1.350000
v -2.647977 0.920000 1.389018
v -2.300000 1.020000 1.350000
v -2.300000 0.820000 1.350000
v -2.352023 0.920000 1.389018
v -2.350000 0.820000 1.300000
v -2.350000 1.020000 1.300000
v -2.389017 0.920000 1.352023
v -2.350000 1.020000 1.700000
v -2.350000 0.820000 1.700000
v -2.389017 0.920000 1.647977
v -2.300000 0.820000 1.650000
v -2.300000 1.020000 1.650000
v -2.352023 0.920000 1.610983
v -1.500000 3.400000 1.500001
v -1.500000 0.400000 2.500000
v -1.500000 0.400000 1.500000
v -2.500000 0.400000 -1.500000
v -2.500000 0.400000 1.500000
v 1.500000 3.400000 2.500001
v 1.500000 3.400000 1.500001
v 2.500000 3.400000 -1.500000
v 1.500000 0.400000 2.500000
v 1.500000 0.400000 1.500000
v 2.500000 0.400000 -1.500000
v 2.500000 0.400000 1.500000
v -1.500000 3.400000 2.500000
v -2.500000 3.400000 1.500001
v 2.500000 3.400000 1.500001
v -2.500000 3.400000 -1.499999
v 1.500000 3.400000 2.500001
v 2.500000 3.400000 -1.500000
v -1.500000 3.400000 2.500000
v 0.150000 5.000000 2.500000
v -0.150000 5.000000 2.500000
v -2.500000 3.400000 1.500001
v 2.500000 3.400000 1.500001
v -2.500000 3.400000 -1.499999
v -2.500000 5.000000 0.150001
v -2.500000 5.000000 -0.149999
v 2.500000 5.000000 0.150001
v 2.500000 5.000000 -0.149999
v 0.000000 4.699999 2.500000
v -0.854355 3.700000 2.500000
v -2.500000 3.700000 -0.854354
v -2.500000 3.700000 0.854355
v -2.500000 4.700000 0.000001
v 2.500000 4.700000 0.000001
v 2.500000 3.700000 0.854355
v 0.854354 3.700001 2.500001
v 2.500000 3.700000 -0.854354
v -1.500000 3.400000 1.500001
v 1.500000 3.400000 2.500001
v 1.500000 3.400000 1.500001
v -2.500001 3.400000 1.500001
v 2.499999 3.400000 1.500001
v 2.499999 3.400000 -1.499999
v -2.500001 3.400000 -1.499999
v -2.500001 5.000000 0.150001
v -2.500001 5.000000 -0.149999
v 2.499999 5.000000 0.150001
v 2.499999 5.000000 -0.149999
v -1.500001 3.400000 2.500000
v 0.149999 5.000000 2.500000
v -0.150001 5.000000 2.500000
v 2.799999 3.400000 1.500001
v 2.799999 3.400000 -1.499999
v 2.799999 5.000000 0.150001
v 2.799999 5.000000 -0.149999
v 2.499999 3.400000 -1.799999
v -2.500001 3.400000 -1.799999
v 2.799999 3.400000 -1.799999
v -2.800001 3.400000 1.500001
v -2.800001 3.400000 -1.499999
v -2.800001 5.000000 0.150001
v -2.800001 5.000000 -0.149999
v -2.800001 3.400000 -1.799999
v -1.800000 3.400000 1.800001
v -2.500001 3.400000 1.800001
v -2.800001 3.400000 1.800001
v -1.800001 3.400000 2.500000
v 1.500000 3.400000 2.800001
v -1.500001 3.400000 2.800001
v 0.149999 5.000000 2.800000
v -0.150001 5.000000 2.800000
v -1.800001 3.400000 2.800001
v 1.800000 3.400000 2.500001
v 1.800000 3.400000 1.800001
v 1.800000 3.400000 2.800001
v 2.499999 3.400000 1.800001
v 2.799999 3.400000 1.800001
v 1.500000 3.700000 2.500001
v 1.500000 3.700000 1.500001
v -2.500001 3.700000 1.500001
v -2.500001 5.300000 0.150001
v -2.500001 5.300000 -0.149999
v -2.500001 3.700001 -1.499999
v 2.499999 5.300000 0.150001
v 2.499999 3.700000 1.500001
v 2.499999 3.700001 -1.499999
v 2.499999 5.300000 -0.149999
v 0.149999 5.300000 2.500000
v -0.150001 5.300000 2.500000
v -1.500001 3.700000 2.500000
v -1.500000 3.700000 1.500001
v 2.799999 5.300000 0.150001
v 2.799999 3.700000 1.500001
v 2.799999 3.700001 -1.499999
v 2.799999 5.300000 -0.149999
v -2.500001 3.700001 -1.799999
v 2.499999 3.700001 -1.799999
v 2.799999 3.700001 -1.799999
v -2.800001 3.700000 1.500001
v -2.800001 5.300000 0.150001
v -2.800001 5.300000 -0.149999
v -2.800001 3.700001 -1.499999
v -2.800001 3.700001 -1.799999
v -2.500001 3.700000 1.800001
v -1.800000 3.700000 1.800001
v -2.800001 3.700000 1.800001
v -1.800001 3.700000 2.500000
v 0.149999 5.300000 2.800000
v -0.150001 5.300000 2.800000
v -1.500001 3.700000 2.800001
v 1.500000 3.700000 2.800001
v -1.800001 3.700000 2.800001
v 1.800000 3.700000 2.500001
v 1.800000 3.700000 1.800001
v 1.800000 3.700000 2.800001
v 2.499999 3.700000 1.800001
v 2.799999 3.700000 1.800001
v 0.000004 0.000000 3.510530
v 1.100004 0.220000 2.949996
v 1.055447 0.220000 3.263089
v 0.925383 0.220000 3.550817
v 0.720351 0.220000 3.789870
v 0.456961 0.220000 3.960881
v 0.156551 0.220000 4.049996
v -0.156542 0.220000 4.049996
v -0.456952 0.220000 3.960881
v -0.720343 0.220000 3.789870
v -0.925375 0.220000 3.550817
v -1.055438 0.220000 3.263089
v -1.099996 0.220000 2.949996
v 0.000004 0.220000 2.949996
v 1.375005 0.165000 2.949996
v 1.358733 0.203891 2.949996
v 1.319307 0.165000 3.341362
v 1.303682 0.203891 3.336819
v 1.156728 0.165000 3.701022
v 1.142999 0.203891 3.692285
v 0.900438 0.165000 3.999838
v 0.889720 0.203891 3.987590
v 0.571200 0.165000 4.213602
v 0.564383 0.203891 4.198821
v 0.195687 0.165000 4.324996
v 0.193348 0.203891 4.308887
v -0.195679 0.165000 4.324996
v -0.193339 0.203891 4.308887
v -0.571191 0.165000 4.213602
v -0.564375 0.203891 4.198821
v -0.900429 0.165000 3.999838
v -0.889711 0.203891 3.987590
v -1.156719 0.165000 3.701022
v -1.142990 0.203891 3.692285
v -1.319298 0.165000 3.341362
v -1.303673 0.203891 3.336819
v -1.374996 0.165000 2.949996
v -1.358724 0.203891 2.949996
v 0.000004 0.400000 2.949996
v 1.100004 0.345000 2.949996
v 1.083733 0.383891 2.949996
v 1.055447 0.345000 3.263089
v 1.039822 0.383891 3.258546
v 0.925383 0.345000 3.550817
v 0.911654 0.383891 3.542080
v 0.720351 0.345000 3.789870
v 0.709633 0.383891 3.777622
v 0.456961 0.345000 3.960881
v 0.450144 0.383891 3.946100
v 0.156551 0.345000 4.049996
v 0.154212 0.383891 4.033887
v -0.156542 0.345000 4.049996
v -0.154203 0.383891 4.033887
v -0.456952 0.345000 3.960881
v -0.450136 0.383891 3.946100
v -0.720343 0.345000 3.789870
v -0.709625 0.383891 3.777622
v -0.925375 0.345000 3.550817
v -0.911645 0.383891 3.542080
v -1.055438 0.345000 3.263089
v -1.039813 0.383891 3.258546
v -1.099996 0.345000 2.949996
v -1.083724 0.383891 2.949996
v 1.044450 0.400000 2.949996
v 1.002100 0.400000 3.247578
v 0.878509 0.400000 3.520987
v 0.683758 0.400000 3.748053
v 0.433687 0.400000 3.910416
v 0.148565 0.400000 3.994997
v -0.148556 0.400000 3.994997
v -0.433679 0.400000 3.910416
v -0.683750 0.400000 3.748052
v -0.878500 0.400000 3.520987
v -1.002091 0.400000 3.247578
v -1.044441 0.400000 2.949996
v 1.319450 0.220000 2.949996
v 1.265961 0.220000 3.325851
v 1.109854 0.220000 3.671192
v 0.863845 0.220000 3.958021
v 0.547926 0.220000 4.163137
v 0.187701 0.220000 4.269997
v -0.187692 0.220000 4.269997
v -0.547918 0.220000 4.163137
v -0.863837 0.220000 3.958021
v -1.109845 0.220000 3.671192
v -1.265952 0.220000 3.325851
v -1.319441 0.220000 2.949996
v 1.375005 0.000000 2.899997
v -1.374996 0.000000 2.899996
v 1.100004 0.220000 2.799997
v -1.099996 0.220000 2.799996
v 0.000004 0.220000 2.899996
v 1.375005 0.165000 2.899997
v 1.358733 0.203891 2.899997
v -1.374996 0.165000 2.899996
v -1.358724 0.203891 2.899996
v 0.000004 0.400000 2.799997
v 1.100004 0.345000 2.799997
v 1.083733 0.383891 2.799997
v -1.099996 0.345000 2.799996
v -1.083724 0.383891 2.799996
v 1.044450 0.400000 2.799997
v -1.044441 0.400000 2.799996
v 1.319450 0.220000 2.899997
v -1.319441 0.220000 2.899996
v 2.500000 1.479997 0.600002
v 2.500000 2.720000 0.600002
v 2.500000 1.479997 0.340002
v 2.500000 2.720000 0.340002
v 2.500000 1.479997 -0.339999
v 2.500000 2.720000 -0.339998
v 2.500000 1.479997 -0.599998
v 2.500000 2.720000 -0.599998
v 2.627461 1.479997 -0.299999
v 2.627461 1.479997 0.300000
v 2.627461 2.720003 -0.299999
v 2.627461 2.720003 0.300001
v 2.746032 1.479997 0.560002
v 2.706032 1.479997 0.600002
v 2.706032 2.720000 0.600002
v 2.746032 2.720000 0.560002
v 2.706032 1.479997 0.340002
v 2.746032 1.479997 0.380002
v 2.746032 2.720000 0.380002
v 2.706032 2.720000 0.340002
v 2.746032 1.479997 -0.379998
v 2.706032 1.479997 -0.339999
v 2.706032 2.720000 -0.339998
v 2.746032 2.720000 -0.379998
v 2.706032 1.479997 -0.599998
v 2.746032 1.479997 -0.559998
v 2.746032 2.720000 -0.559998
v 2.706032 2.720000 -0.599998
v 2.702857 2.700000 0.400001
v 2.702857 1.500000 0.400000
v 2.702857 2.700000 -0.399999
v 2.702857 1.500000 -0.399999
v 2.702857 2.600000 -0.249999
v 2.702857 2.600000 0.250001
v 2.702857 1.600000 0.250000
v 2.702857 1.600000 -0.249999
v 2.602857 2.600000 -0.249999
v 2.602857 2.600000 0.250001
v 2.602857 1.600000 0.250001
v 2.602857 1.600000 -0.249999
v 2.602857 2.700000 -0.399999
v 2.602857 2.700000 0.400001
v 2.602857 1.500000 0.400000
v 2.602857 1.500000 -0.399999
v 2.500000 2.179999 0.420003
v 2.500000 2.179999 -0.420000
v 2.500000 2.019999 0.420003
v 2.500000 2.019999 -0.420000
v 2.726032 2.139999 0.420003
v 2.686032 2.179999 0.420003
v 2.686032 2.179999 -0.420000
v 2.726032 2.139999 -0.420000
v 2.686032 2.019999 0.420003
v 2.726032 2.059999 0.420003
v 2.726032 2.059999 -0.420000
v 2.686032 2.019999 -0.420000
v 2.500000 1.274998 0.650001
v 2.500000 1.324998 0.700001
v 2.500000 1.474998 0.700001
v 2.500000 1.524998 0.650001
v 2.500000 1.324998 -0.699999
v 2.500000 1.274998 -0.649999
v 2.500000 1.524999 -0.649999
v 2.500000 1.474999 -0.699999
v 2.900000 1.274998 0.650001
v 2.950000 1.324998 0.650001
v 2.900000 1.324998 0.700001
v 2.900000 1.524998 0.650001
v 2.900000 1.474998 0.700001
v 2.950000 1.474998 0.650001
v 2.900000 1.274998 -0.649999
v 2.900000 1.324998 -0.699999
v 2.950000 1.324998 -0.649999
v 2.900000 1.524999 -0.649999
v 2.950000 1.474999 -0.649999
v 2.900000 1.474999 -0.699999
v 2.500000 2.675000 0.650001
v 2.500000 2.725000 0.700001
v 2.500000 2.875000 0.700001
v 2.500000 2.925000 0.650001
v 2.500000 2.725000 -0.699999
v 2.500000 2.675000 -0.649999
v 2.500000 2.925000 -0.649999
v 2.500000 2.875000 -0.699999
v 2.790000 2.675000 0.650001
v 2.840000 2.725000 0.650001
v 2.790000 2.725000 0.700001
v 2.790000 2.925000 0.650001
v 2.790000 2.875000 0.700001
v 2.840000 2.875000 0.650001
v 2.790000 2.675000 -0.649999
v 2.790000 2.725000 -0.699999
v 2.840000 2.725000 -0.649999
v 2.790000 2.925000 -0.649999
v 2.840000 2.875000 -0.649999
v 2.790000 2.875000 -0.699999
v -2.500000 1.479998 0.600002
v -2.500000 2.720000 0.600002
v -2.500000 1.479998 0.340002
v -2.500000 2.720000 0.340002
v -2.500000 1.479998 -0.339999
v -2.500000 2.720000 -0.339998
v -2.500000 1.479998 -0.599998
v -2.500000 2.720000 -0.599998
v -2.627461 1.479998 0.300000
v -2.627461 1.479998 -0.299999
v -2.627461 2.720002 0.300001
v -2.627461 2.720002 -0.299999
v -2.746032 1.479998 0.560002
v -2.706032 1.479998 0.600002
v -2.706032 2.720000 0.600002
v -2.746032 2.720000 0.560002
v -2.706032 1.479998 0.340002
v -2.746032 1.479998 0.380002
v -2.746032 2.720000 0.380002
v -2.706032 2.720000 0.340002
v -2.746032 1.479998 -0.379998
v -2.706032 1.479998 -0.339999
v -2.706032 2.720000 -0.339998
v -2.746032 2.720000 -0.379998
v -2.706032 1.479998 -0.599998
v -2.746032 1.479998 -0.559998
v -2.746032 2.720000 -0.559998
v -2.706032 2.720000 -0.599998
v -2.702857 2.699999 0.400001
v -2.702857 1.500000 0.400000
v -2.702857 2.699999 -0.399999
v -2.702857 1.500001 -0.399999
v -2.702857 2.599999 -0.249999
v -2.702857 2.599999 0.250001
v -2.702857 1.600000 0.250000
v -2.702857 1.600001 -0.249999
v -2.602857 2.599999 -0.249999
v -2.602857 2.599999 0.250001
v -2.602857 1.600000 0.250001
v -2.602857 1.600001 -0.249999
v -2.602857 2.699999 -0.399999
v -2.602857 2.699999 0.400001
v -2.602857 1.500000 0.400000
v -2.602857 1.500001 -0.399999
v -2.500000 2.179999 0.420003
v -2.500000 2.179999 -0.420000
v -2.500000 2.019999 0.420003
v -2.500000 2.019999 -0.420000
v -2.726032 2.139999 0.420003
v -2.686032 2.179999 0.420003
v -2.686032 2.179999 -0.420000
v -2.726032 2.139999 -0.420000
v -2.686032 2.019999 0.420003
v -2.726032 2.059999 0.420003
v -2.726032 2.059999 -0.420000
v -2.686032 2.019999 -0.420000
v -2.500000 1.274999 0.650001
v -2.500000 1.324999 0.700001
v -2.500000 1.474999 0.700001
v -2.500000 1.524999 0.650001
v -2.500000 1.324999 -0.699999
v -2.500000 1.274999 -0.649999
v -2.500000 1.524999 -0.649999
v -2.500000 1.474999 -0.699999
v -2.900000 1.274999 0.650001
v -2.950000 1.324999 0.650001
v -2.900000 1.324999 0.700001
v -2.900000 1.524999 0.650001
v -2.900000 1.474999 0.700001
v -2.950000 1.474999 0.650001
v -2.900000 1.274999 -0.649999
v -2.900000 1.324999 -0.699999
v -2.950000 1.324999 -0.649999
v -2.900000 1.524999 -0.649999
v -2.950000 1.474999 -0.649999
v -2.900000 1.474999 -0.699999
v -2.500000 2.674999 0.650001
v -2.500000 2.724999 0.700001
v -2.500000 2.874999 0.700001
v -2.500000 2.924999 0.650001
v -2.500000 2.724999 -0.699999
v -2.500000 2.674999 -0.649999
v -2.500000 2.924999 -0.649999
v -2.500000 2.874999 -0.699999
v -2.790000 2.674999 0.650001
v -2.840000 2.724999 0.650001
v -2.790000 2.724999 0.700001
v -2.790000 2.924999 0.650001
v -2.790000 2.874999 0.700001
v -2.840000 2.874999 0.650001
v -2.790000 2.674999 -0.649999
v -2.790000 2.724999 -0.699999
v -2.840000 2.724999 -0.649999
v -2.790000 2.924999 -0.649999
v -2.840000 2.874999 -0.649999
v -2.790000 2.874999 -0.699999
v 2.900001 3.151866 1.961601
v -2.899999 3.151866 1.961603
v 2.900001 3.280424 2.117451
v 2.900000 5.600004 0.150000
v -2.899999 3.280424 2.117453
v 2.900000 3.854957 1.627051
v 2.900000 4.429491 1.136650
v 2.900000 5.004024 0.646250
v -2.900000 5.004025 0.646252
v -2.900000 4.429491 1.136652
v -2.899999 3.854957 1.627053
v -2.900000 3.151867 -1.961601
v 2.900000 3.151867 -1.961601
v -2.900000 3.280424 -2.117451
v -2.900000 5.600004 -0.149999
v 2.900000 3.280424 -2.117451
v -2.900000 3.854958 -1.627050
v -2.900000 4.429491 -1.136650
v -2.900000 5.004024 -0.646249
v 2.900000 5.004025 -0.646249
v 2.900000 4.429491 -1.136650
v 2.900000 3.854958 -1.627050
v -2.900000 5.300000 -0.149999
v -2.900000 5.300000 0.150001
v -2.900000 5.600004 0.150002
v 2.900000 5.300000 0.150000
v 2.900000 5.300000 -0.149999
v 2.900000 5.600004 -0.149999
v -2.900000 4.762967 0.602902
v -2.899999 4.225933 1.055802
v -2.899999 3.688900 1.508703
v 2.900000 4.762967 0.602901
v 2.900000 4.225933 1.055801
v 2.900000 3.688900 1.508701
v -2.900000 4.762967 -0.602900
v -2.900000 4.225933 -1.055800
v -2.900000 3.688900 -1.508701
v 2.900000 3.688900 -1.508701
v 2.900000 4.225933 -1.055800
v 2.900000 4.762967 -0.602900
v -1.961606 3.151866 1.961602
v -2.117456 3.280424 2.117452
v -0.646254 5.004025 0.646251
v -1.136655 4.429491 1.136651
v -1.627055 3.854957 1.627052
v -1.055805 4.225933 1.055802
v -1.508706 3.688900 1.508702
v 2.117448 3.280424 2.117452
v 0.646246 5.004025 0.646250
v 1.136647 4.429491 1.136651
v 0.149996 5.600004 0.150000
v 0.602897 4.762967 0.602901
v 1.055797 4.225933 1.055801
v 1.508698 3.688900 1.508702
v 1.961603 3.151866 2.900000
v 2.117453 3.280424 2.900000
v 0.646251 5.004024 2.900000
v 1.136652 4.429491 2.900000
v 1.627052 3.854957 2.900000
v -1.961602 3.151866 2.900001
v -2.117451 3.280424 2.900001
v -0.150000 5.600003 2.900001
v -1.627051 3.854957 2.900001
v -1.136650 4.429491 2.900001
v -0.646250 5.004024 2.900001
v -0.150000 5.300000 2.900001
v 0.150001 5.299999 2.900001
v 0.150001 5.600003 2.900001
v 0.602901 4.762966 2.900000
v 1.055802 4.225933 2.900000
v 1.508702 3.688900 2.900000
v -0.602900 4.762966 2.900001
v -1.055801 4.225933 2.900001
v -1.508701 3.688900 2.900001
v 1.961602 3.151866 1.961607
v 1.627051 3.854957 1.627056
v 0.150000 5.300000 0.150005
v -0.150000 5.300000 0.150001
v -0.150000 5.600004 0.150001
v -0.602900 4.762967 0.602901
v 2.900000 5.202492 0.704567
v 2.900000 5.056222 0.709529
v 2.900000 5.130693 0.746420
v 2.900001 3.477139 2.174536
v 2.900001 3.332622 2.180730
v 2.900001 3.406579 2.217260
v 2.900000 4.051672 1.684135
v 2.900000 3.907155 1.690330
v 2.900000 3.981113 1.726860
v -2.899999 3.332621 2.180732
v -2.899999 3.477139 2.174538
v -2.899999 3.406579 2.217262
v -2.900000 5.056222 0.709531
v -2.900000 5.202492 0.704569
v -2.900000 5.130693 0.746422
v -2.899999 3.907155 1.690332
v -2.899999 4.051672 1.684138
v -2.899999 3.981113 1.726862
v 2.900000 4.626206 1.193735
v 2.900000 4.481689 1.199929
v 2.900000 4.555646 1.236459
v -2.900000 4.481689 1.199932
v -2.900000 4.626206 1.193737
v -2.900000 4.555646 1.236461
v -2.900000 5.202492 -0.704567
v -2.900000 5.056222 -0.709529
v -2.900000 5.130693 -0.746419
v -2.900000 3.477139 -2.174536
v -2.900000 3.332622 -2.180730
v -2.900000 3.406580 -2.217260
v -2.900000 4.051672 -1.684135
v -2.900000 3.907156 -1.690330
v -2.900000 3.981113 -1.726859
v 2.900000 3.332622 -2.180730
v 2.900000 3.477139 -2.174536
v 2.900000 3.406580 -2.217260
v 2.900000 5.056222 -0.709529
v 2.900000 5.202492 -0.704567
v 2.900000 5.130693 -0.746419
v 2.900000 3.907156 -1.690330
v 2.900000 4.051672 -1.684135
v 2.900000 3.981113 -1.726859
v -2.900000 4.626206 -1.193735
v -2.900000 4.481689 -1.199929
v -2.900000 4.555646 -1.236459
v 2.900000 4.481689 -1.199930
v 2.900000 4.626206 -1.193734
v 2.900000 4.555646 -1.236459
v -1.690335 3.907155 1.690331
v -1.684140 4.051672 1.684137
v -1.726864 3.981113 1.726861
v -1.199934 4.481689 1.199931
v -1.193739 4.626206 1.193736
v -1.236464 4.555646 1.236460
v 2.180733 3.332622 2.900000
v 2.174538 3.477139 2.900000
v 2.217262 3.406579 2.900000
v 0.709531 5.056222 2.900000
v 0.704569 5.202492 2.900000
v 0.746421 5.130692 2.900000
v 1.690332 3.907155 2.900000
v 1.684137 4.051672 2.900000
v 1.726861 3.981113 2.900000
v 1.199931 4.481689 2.900000
v 1.193736 4.626206 2.900000
v 1.236461 4.555646 2.900000
v -0.704568 5.202492 2.900001
v -0.709530 5.056222 2.900001
v -0.746420 5.130692 2.900001
v -2.174536 3.477139 2.900001
v -2.180732 3.332623 2.900001
v -2.217260 3.406580 2.900001
v -1.684135 4.051672 2.900001
v -1.690330 3.907155 2.900001
v -1.726860 3.981113 2.900001
v -1.193735 4.626205 2.900001
v -1.199930 4.481688 2.900001
v -1.236459 4.555645 2.900001
v 2.180731 3.332623 2.180735
v 2.174536 3.477139 2.174541
v 2.217260 3.406580 2.217265
v 0.709529 5.056224 0.709533
v 0.704568 5.202492 0.704572
v 0.746420 5.130693 0.746424
v 1.690331 3.907155 1.690335
v 1.684136 4.051672 1.684140
v 1.726860 3.981112 1.726865
v 1.199929 4.481690 1.199933
v 1.193735 4.626205 1.193740
v 1.236459 4.555646 1.236464
v -2.174537 3.477139 2.174537
v -2.180733 3.332621 2.180731
v -2.217261 3.406579 2.217261
v -0.704568 5.202492 0.704568
v -0.709531 5.056222 0.709530
v -0.746421 5.130693 0.746421
v -2.210000 0.916000 1.584000
v -2.174000 0.916000 1.620000
v -2.174000 0.880000 1.584000
v -1.826000 0.880000 1.584000
v -1.826000 0.916000 1.620000
v -1.790000 0.916000 1.584000
v -2.210000 1.084000 1.584000
v -2.174000 1.120000 1.584000
v -2.174000 1.084000 1.620000
v -1.790000 1.084000 1.584000
v -1.826000 1.084000 1.620000
v -1.826000 1.120000 1.584000
v -2.174000 1.120000 1.500000
v -2.210000 1.084000 1.500000
v -2.210000 0.916000 1.500000
v -2.174000 0.880000 1.500000
v -1.826000 0.880000 1.500000
v -1.790000 0.916000 1.500000
v -1.790000 1.084000 1.500000
v -1.826000 1.120000 1.500000
v -1.967999 1.232800 1.567200
v -1.939199 1.232800 1.596000
v -1.939199 1.204000 1.567200
v -1.660799 1.204000 1.567200
v -1.660799 1.232800 1.596000
v -1.631999 1.232800 1.567200
v -1.967999 1.367200 1.567200
v -1.939199 1.396000 1.567200
v -1.939199 1.367200 1.596000
v -1.631999 1.367200 1.567200
v -1.660799 1.367200 1.596000
v -1.660799 1.396000 1.567200
v -1.939199 1.396000 1.500000
v -1.967999 1.367200 1.500000
v -1.967999 1.232800 1.500000
v -1.939199 1.204000 1.500000
v -1.660799 1.204000 1.500000
v -1.631999 1.232800 1.500000
v -1.631999 1.367200 1.500000
v -1.660799 1.396000 1.500000
v 1.832000 0.732800 1.567200
v 1.860800 0.732800 1.596000
v 1.860800 0.704000 1.567200
v 2.139200 0.704000 1.567200
v 2.139200 0.732800 1.596000
v 2.168000 0.732800 1.567200
v 1.832000 0.867200 1.567200
v 1.860800 0.896000 1.567200
v 1.860800 0.867200 1.596000
v 2.168000 0.867200 1.567200
v 2.139200 0.867200 1.596000
v 2.139200 0.896000 1.567200
v 1.860800 0.896000 1.500000
v 1.832000 0.867200 1.500000
v 1.832000 0.732800 1.500000
v 1.860800 0.704000 1.500000
v 2.139200 0.704000 1.500000
v 2.168000 0.732800 1.500000
v 2.168000 0.867200 1.500000
v 2.139200 0.896000 1.500000
v 1.589999 1.016000 1.584000
v 1.625999 1.016000 1.620000
v 1.625999 0.980000 1.584000
v 1.973999 0.980000 1.584000
v 1.973999 1.016000 1.620000
v 2.009999 1.016000 1.584000
v 1.589999 1.184000 1.584000
v 1.625999 1.220000 1.584000
v 1.625999 1.184000 1.620000
v 2.009999 1.184000 1.584000
v 1.973999 1.184000 1.620000
v 1.973999 1.220000 1.584000
v 1.625999 1.220000 1.500000
v 1.589999 1.184000 1.500000
v 1.589999 1.016000 1.500000
v 1.625999 0.980000 1.500000
v 1.973999 0.980000 1.500000
v 2.009999 1.016000 1.500000
v 2.009999 1.184000 1.500000
v 1.973999 1.220000 1.500000
v 2.584000 0.616001 -0.790000
v 2.620000 0.616001 -0.826000
v 2.584000 0.580001 -0.826000
v 2.584000 0.580001 -1.174000
v 2.620000 0.616001 -1.174000
v 2.584000 0.616001 -1.210000
v 2.584000 0.784001 -0.790000
v 2.584000 0.820001 -0.826000
v 2.620000 0.784001 -0.826000
v 2.584000 0.784001 -1.210000
v 2.620000 0.784001 -1.174000
v 2.584000 0.820001 -1.174000
v 2.500000 0.820001 -0.826000
v 2.500000 0.784001 -0.790000
v 2.500000 0.616001 -0.790000
v 2.500000 0.580001 -0.826000
v 2.500000 0.580001 -1.174000
v 2.500000 0.616001 -1.210000
v 2.500000 0.784001 -1.210000
v 2.500000 0.820001 -1.174000
v 2.567200 0.932801 -0.532000
v 2.596000 0.932801 -0.560800
v 2.567200 0.904001 -0.560800
v 2.567200 0.904001 -0.839200
v 2.596000 0.932801 -0.839200
v 2.567200 0.932801 -0.868000
v 2.567200 1.067201 -0.532000
v 2.567200 1.096001 -0.560800
v 2.596000 1.067201 -0.560800
v 2.567200 1.067201 -0.868000
v 2.596000 1.067201 -0.839200
v 2.567200 1.096001 -0.839200
v 2.500000 1.096001 -0.560800
v 2.500000 1.067201 -0.532000
v 2.500000 0.932801 -0.532000
v 2.500000 0.904001 -0.560800
v 2.500000 0.904001 -0.839200
v 2.500000 0.932801 -0.868000
v 2.500000 1.067201 -0.868000
v 2.500000 1.096001 -0.839200
v 2.567200 2.632800 1.205685
v 2.596000 2.632800 1.176885
v 2.567200 2.604000 1.176885
v 2.567200 2.604001 0.898485
v 2.596000 2.632801 0.898485
v 2.567200 2.632801 0.869685
v 2.567200 2.767201 1.205685
v 2.567200 2.796001 1.176885
v 2.596000 2.767201 1.176885
v 2.567200 2.767201 0.869685
v 2.596000 2.767201 0.898485
v 2.567200 2.796001 0.898485
v 2.500000 2.796001 1.176885
v 2.500000 2.767201 1.205685
v 2.500000 2.632800 1.205685
v 2.500000 2.604000 1.176885
v 2.500000 2.604001 0.898485
v 2.500000 2.632801 0.869685
v 2.500000 2.767201 0.869685
v 2.500000 2.796001 0.898485
v 2.584000 2.316000 1.110000
v 2.620000 2.316000 1.074000
v 2.584000 2.280000 1.074000
v 2.584000 2.280001 0.726000
v 2.620000 2.316000 0.726000
v 2.584000 2.316000 0.690000
v 2.584000 2.484000 1.110000
v 2.584000 2.520000 1.074000
v 2.620000 2.484000 1.074000
v 2.584000 2.484001 0.690000
v 2.620000 2.484001 0.726000
v 2.584000 2.520000 0.726000
v 2.500000 2.520000 1.074000
v 2.500000 2.484000 1.110000
v 2.500000 2.316000 1.110000
v 2.500000 2.280000 1.074000
v 2.500000 2.280001 0.726000
v 2.500000 2.316000 0.690000
v 2.500000 2.484001 0.690000
v 2.500000 2.520000 0.726000
v -2.584000 0.616001 -0.790000
v -2.620000 0.616001 -0.826000
v -2.584000 0.580001 -0.826000
v -2.584000 0.580001 -1.174000
v -2.620000 0.616001 -1.174000
v -2.584000 0.616001 -1.210000
v -2.584000 0.784001 -0.790000
v -2.584000 0.820001 -0.826000
v -2.620000 0.784001 -0.826000
v -2.584000 0.784001 -1.210000
v -2.620000 0.784001 -1.174000
v -2.584000 0.820001 -1.174000
v -2.500000 0.820001 -0.826000
v -2.500000 0.784001 -0.790000
v -2.500000 0.616001 -0.790000
v -2.500000 0.580001 -0.826000
v -2.500000 0.580001 -1.174000
v -2.500000 0.616001 -1.210000
v -2.500000 0.784001 -1.210000
v -2.500000 0.820001 -1.174000
v -2.584000 0.916001 -0.490000
v -2.620000 0.916001 -0.526000
v -2.584000 0.880001 -0.526000
v -2.584000 0.880001 -0.874000
v -2.620000 0.916001 -0.874000
v -2.584000 0.916001 -0.910000
v -2.584000 1.084001 -0.490000
v -2.584000 1.120001 -0.526000
v -2.620000 1.084001 -0.526000
v -2.584000 1.084001 -0.910000
v -2.620000 1.084001 -0.874000
v -2.584000 1.120001 -0.874000
v -2.500000 1.120001 -0.526000
v -2.500000 1.084001 -0.490000
v -2.500000 0.916001 -0.490000
v -2.500000 0.880001 -0.526000
v -2.500000 0.880001 -0.874000
v -2.500000 0.916001 -0.910000
v -2.500000 1.084001 -0.910000
v -2.500000 1.120001 -0.874000
v -2.567200 0.632801 -0.232000
v -2.596000 0.632801 -0.260800
v -2.567200 0.604001 -0.260800
v -2.567200 0.604001 -0.539200
v -2.596000 0.632801 -0.539200
v -2.567200 0.632801 -0.568000
v -2.567200 0.767201 -0.232000
v -2.567200 0.796001 -0.260800
v -2.596000 0.767201 -0.260800
v -2.567200 0.767201 -0.568000
v -2.596000 0.767201 -0.539200
v -2.567200 0.796001 -0.539200
v -2.500000 0.796001 -0.260800
v -2.500000 0.767201 -0.232000
v -2.500000 0.632801 -0.232000
v -2.500000 0.604001 -0.260800
v -2.500000 0.604001 -0.539200
v -2.500000 0.632801 -0.568000
v -2.500000 0.767201 -0.568000
v -2.500000 0.796001 -0.539200
v -2.584000 2.116000 1.210000
v -2.620000 2.116000 1.174000
v -2.584000 2.080000 1.174000
v -2.584000 2.080001 0.826000
v -2.620000 2.116001 0.826000
v -2.584000 2.116001 0.790000
v -2.584000 2.284000 1.210000
v -2.584000 2.320000 1.174000
v -2.620000 2.284000 1.174000
v -2.584000 2.284001 0.790000
v -2.620000 2.284001 0.826000
v -2.584000 2.320001 0.826000
v -2.500000 2.320000 1.174000
v -2.500000 2.284000 1.210000
v -2.500000 2.116000 1.210000
v -2.500000 2.080000 1.174000
v -2.500000 2.080001 0.826000
v -2.500000 2.116001 0.790000
v -2.500000 2.284001 0.790000
v -2.500000 2.320001 0.826000
v -2.567200 1.832801 1.068000
v -2.596000 1.832801 1.039200
v -2.567200 1.804001 1.039200
v -2.567200 1.804001 0.760800
v -2.596000 1.832801 0.760800
v -2.567200 1.832801 0.732000
v -2.567200 1.967201 1.068000
v -2.567200 1.996001 1.039200
v -2.596000 1.967201 1.039200
v -2.567200 1.967201 0.732000
v -2.596000 1.967201 0.760800
v -2.567200 1.996001 0.760800
v -2.500000 1.996001 1.039200
v -2.500000 1.967201 1.068000
v -2.500000 1.832801 1.068000
v -2.500000 1.804001 1.039200
v -2.500000 1.804001 0.760800
v -2.500000 1.832801 0.732000
v -2.500000 1.967201 0.732000
v -2.500000 1.996001 0.760800
v 1.532001 0.732800 -1.567200
v 1.560801 0.732800 -1.596000
v 1.560801 0.704000 -1.567200
v 1.839201 0.704000 -1.567200
v 1.839201 0.732800 -1.596000
v 1.868001 0.732800 -1.567200
v 1.532001 0.867200 -1.567200
v 1.560801 0.896000 -1.567200
v 1.560801 0.867200 -1.596000
v 1.868001 0.867200 -1.567200
v 1.839201 0.867200 -1.596000
v 1.839201 0.896000 -1.567200
v 1.560801 0.896000 -1.500000
v 1.532001 0.867200 -1.500000
v 1.532001 0.732800 -1.500000
v 1.560801 0.704000 -1.500000
v 1.839201 0.704000 -1.500000
v 1.868001 0.732800 -1.500000
v 1.868001 0.867200 -1.500000
v 1.839201 0.896000 -1.500000
v 1.490001 1.316000 -1.584000
v 1.526001 1.316000 -1.620000
v 1.526001 1.280000 -1.584000
v 1.874001 1.280000 -1.584000
v 1.874001 1.316000 -1.620000
v 1.910001 1.316000 -1.584000
v 1.490001 1.484000 -1.584000
v 1.526001 1.520000 -1.584000
v 1.526001 1.484000 -1.620000
v 1.910001 1.484000 -1.584000
v 1.874001 1.484000 -1.620000
v 1.874001 1.520000 -1.584000
v 1.526001 1.520000 -1.500000
v 1.490001 1.484000 -1.500000
v 1.490001 1.316000 -1.500000
v 1.526001 1.280000 -1.500000
v 1.874001 1.280000 -1.500000
v 1.910001 1.316000 -1.500000
v 1.910001 1.484000 -1.500000
v 1.874001 1.520000 -1.500000
v 1.089999 1.016000 -1.584000
v 1.125999 1.016000 -1.620000
v 1.125999 0.980000 -1.584000
v 1.473999 0.980000 -1.584000
v 1.473999 1.016000 -1.620000
v 1.509999 1.016000 -1.584000
v 1.089999 1.184000 -1.584000
v 1.125999 1.220000 -1.584000
v 1.125999 1.184000 -1.620000
v 1.509999 1.184000 -1.584000
v 1.473999 1.184000 -1.620000
v 1.473999 1.220000 -1.584000
v 1.125999 1.220000 -1.500000
v 1.089999 1.184000 -1.500000
v 1.089999 1.016000 -1.500000
v 1.125999 0.980000 -1.500000
v 1.473999 0.980000 -1.500000
v 1.509999 1.016000 -1.500000
v 1.509999 1.184000 -1.500000
v 1.473999 1.220000 -1.500000
v -1.767998 2.532800 -1.567199
v -1.739198 2.532800 -1.595999
v -1.739198 2.504000 -1.567199
v -1.460799 2.504000 -1.567199
v -1.460799 2.532800 -1.595999
v -1.431998 2.532800 -1.567199
v -1.767998 2.667201 -1.567199
v -1.739198 2.696001 -1.567199
v -1.739198 2.667201 -1.595999
v -1.431998 2.667201 -1.567199
v -1.460799 2.667201 -1.595999
v -1.460799 2.696001 -1.567199
v -1.739198 2.696001 -1.499999
v -1.767998 2.667201 -1.499999
v -1.767998 2.532800 -1.499999
v -1.739198 2.504000 -1.499999
v -1.460799 2.504000 -1.499999
v -1.431998 2.532800 -1.499999
v -1.431998 2.667201 -1.499999
v -1.460799 2.696001 -1.499999
v -2.110002 2.216000 -1.584000
v -2.074002 2.216000 -1.620000
v -2.074002 2.180000 -1.584000
v -1.726002 2.180000 -1.584000
v -1.726002 2.216000 -1.620000
v -1.690001 2.216000 -1.584000
v -2.110002 2.384000 -1.584000
v -2.074002 2.420000 -1.584000
v -2.074002 2.384000 -1.620000
v -1.690001 2.384000 -1.584000
v -1.726002 2.384000 -1.620000
v -1.726002 2.420000 -1.584000
v -2.074002 2.420000 -1.500000
v -2.110002 2.384000 -1.500000
v -2.110002 2.216000 -1.500000
v -2.074002 2.180000 -1.500000
v -1.726002 2.180000 -1.500000
v -1.690001 2.216000 -1.500000
v -1.690001 2.384000 -1.500000
v -1.726002 2.420000 -1.500000
v -1.509999 2.216000 -1.584000
v -1.473999 2.216000 -1.620000
v -1.473999 2.180000 -1.584000
v -1.125999 2.180000 -1.584000
v -1.125999 2.216000 -1.620000
v -1.089999 2.216000 -1.584000
v -1.509999 2.384000 -1.584000
v -1.473999 2.420000 -1.584000
v -1.473999 2.384000 -1.620000
v -1.089999 2.384000 -1.584000
v -1.125999 2.384000 -1.620000
v -1.125999 2.420000 -1.584000
v -1.473999 2.420000 -1.500000
v -1.509999 2.384000 -1.500000
v -1.509999 2.216000 -1.500000
v -1.473999 2.180000 -1.500000
v -1.125999 2.180000 -1.500000
v -1.089999 2.216000 -1.500000
v -1.089999 2.384000 -1.500000
v -1.125999 2.420000 -1.500000
v -2.009999 0.716000 -1.584000
v -1.973999 0.716000 -1.620000
v -1.973999 0.680000 -1.584000
v -1.625999 0.680000 -1.584000
v -1.625999 0.716000 -1.620000
v -1.589999 0.716000 -1.584000
v -2.009999 0.884000 -1.584000
v -1.973999 0.920000 -1.584000
v -1.973999 0.884000 -1.620000
v -1.589999 0.884000 -1.584000
v -1.625999 0.884000 -1.620000
v -1.625999 0.920000 -1.584000
v -1.973999 0.920000 -1.500000
v -2.009999 0.884000 -1.500000
v -2.009999 0.716000 -1.500000
v -1.973999 0.680000 -1.500000
v -1.625999 0.680000 -1.500000
v -1.589999 0.716000 -1.500000
v -1.589999 0.884000 -1.500000
v -1.625999 0.920000 -1.500000
v -1.568002 1.032800 -1.567200
v -1.539201 1.032800 -1.596000
v -1.539201 1.004000 -1.567200
v -1.260802 1.004000 -1.567200
v -1.260802 1.032800 -1.596000
v -1.232002 1.032800 -1.567200
v -1.568002 1.167200 -1.567200
v -1.539201 1.196000 -1.567200
v -1.539201 1.167200 -1.596000
v -1.232002 1.167200 -1.567200
v -1.260802 1.167200 -1.596000
v -1.260802 1.196000 -1.567200
v -1.539201 1.196000 -1.500000
v -1.568002 1.167200 -1.500000
v -1.568002 1.032800 -1.500000
v -1.539201 1.004000 -1.500000
v -1.260802 1.004000 -1.500000
v -1.232002 1.032800 -1.500000
v -1.232002 1.167200 -1.500000
v -1.260802 1.196000 -1.500000
v 1.589999 2.616000 -1.583999
v 1.625999 2.616000 -1.619999
v 1.625999 2.580000 -1.583999
v 1.973999 2.580000 -1.583999
v 1.973999 2.616000 -1.619999
v 2.009999 2.616000 -1.583999
v 1.589999 2.784000 -1.583999
v 1.625999 2.820000 -1.583999
v 1.625999 2.784000 -1.619999
v 2.009999 2.784000 -1.583999
v 1.973999 2.784000 -1.619999
v 1.973999 2.820000 -1.583999
v 1.625999 2.820000 -1.499999
v 1.589999 2.784000 -1.499999
v 1.589999 2.616000 -1.499999
v 1.625999 2.580000 -1.499999
v 1.973999 2.580000 -1.499999
v 2.009999 2.616000 -1.499999
v 2.009999 2.784000 -1.499999
v 1.973999 2.820000 -1.499999
v 1.232002 2.332800 -1.567200
v 1.260802 2.332800 -1.596000
v 1.260802 2.304000 -1.567200
v 1.539201 2.304000 -1.567200
v 1.539201 2.332800 -1.595999
v 1.568002 2.332800 -1.567200
v 1.232002 2.467200 -1.567200
v 1.260802 2.496000 -1.567200
v 1.260802 2.467200 -1.596000
v 1.568002 2.467200 -1.567200
v 1.539201 2.467200 -1.596000
v 1.539201 2.496000 -1.567200
v 1.260802 2.496000 -1.500000
v 1.232002 2.467200 -1.500000
v 1.232002 2.332800 -1.500000
v 1.260802 2.304000 -1.500000
v 1.539201 2.304000 -1.500000
v 1.568002 2.332800 -1.500000
v 1.568002 2.467200 -1.500000
v 1.539201 2.496000 -1.500000
v -1.100000 0.400000 2.450000
v 1.100000 0.400000 2.450000
v -1.100000 2.390000 2.450001
v -0.300000 3.190000 2.450001
v -1.060845 2.637213 2.450001
v -0.947214 2.860228 2.450001
v -0.770228 3.037213 2.450001
v -0.547214 3.150845 2.450001
v 0.300000 3.190000 2.450001
v 1.100000 2.390000 2.450001
v 0.547214 3.150845 2.450001
v 0.770228 3.037213 2.450001
v 0.947214 2.860228 2.450001
v 1.060845 2.637213 2.450001
v -0.810000 0.400000 2.400000
v 0.810000 0.400000 2.400000
v -0.456443 2.871482 2.400001
v -0.277174 2.899969 2.400001
v -0.597573 2.799573 2.400001
v -0.709573 2.687572 2.400001
v -0.781482 2.546443 2.400001
v -0.809969 2.367174 2.400001
v 0.277174 2.899969 2.400001
v 0.456443 2.871482 2.400001
v 0.597573 2.799573 2.400001
v 0.709574 2.687572 2.400001
v 0.781482 2.546443 2.400001
v 0.809969 2.367174 2.400001
v -0.810000 0.399999 2.770000
v -0.840002 0.399999 2.800000
v 0.840002 0.399999 2.800000
v 0.810000 0.399999 2.770000
v -0.277174 2.899969 2.770000
v -0.279535 2.929971 2.800001
v -0.839971 2.369535 2.800001
v -0.809969 2.367174 2.770000
v -0.465829 2.900368 2.800001
v -0.456443 2.871482 2.770000
v -0.615425 2.824145 2.800001
v -0.597573 2.799573 2.770000
v -0.734145 2.705425 2.800001
v -0.709573 2.687572 2.770000
v -0.810368 2.555829 2.800001
v -0.781482 2.546443 2.770000
v 0.809969 2.367174 2.770000
v 0.839971 2.369535 2.800001
v 0.279535 2.929971 2.800001
v 0.277174 2.899969 2.770000
v 0.781482 2.546443 2.770000
v 0.810368 2.555829 2.800001
v 0.709574 2.687572 2.770000
v 0.734145 2.705425 2.800001
v 0.597573 2.799573 2.770000
v 0.615425 2.824145 2.800001
v 0.456443 2.871482 2.770000
v 0.465829 2.900368 2.800001
v -1.070000 0.400000 2.800000
v -1.100000 0.400000 2.770000
v 1.100000 0.400000 2.770000
v 1.070000 0.400000 2.800000
v -0.547214 3.150845 2.770001
v -0.537828 3.121958 2.800001
v -0.297639 3.160000 2.800001
v -0.300000 3.190000 2.770001
v -0.770228 3.037213 2.770001
v -0.752375 3.012640 2.800001
v -0.947214 2.860228 2.770000
v -0.922641 2.842375 2.800001
v -1.060845 2.637213 2.770000
v -1.031958 2.627827 2.800001
v -1.100000 2.390000 2.770000
v -1.070000 2.387639 2.800001
v 0.300000 3.190000 2.770001
v 0.297639 3.160000 2.800001
v 0.537828 3.121958 2.800001
v 0.547214 3.150845 2.770001
v 0.752375 3.012640 2.800001
v 0.770228 3.037213 2.770001
v 0.922641 2.842375 2.800001
v 0.947214 2.860228 2.770000
v 1.031958 2.627827 2.800001
v 1.060845 2.637213 2.770000
v 1.070000 2.387639 2.800001
v 1.100000 2.390000 2.770000
v -0.818720 0.399999 2.600000
v 0.818720 0.399999 2.600000
v -0.818720 2.926820 2.600001
v 0.818720 2.926820 2.600001
v 1.375005 0.000000 2.949996
v 1.319307 0.000000 3.341362
v 1.156728 0.000000 3.701022
v 0.900438 0.000000 3.999838
v 0.571200 0.000000 4.213602
v 0.195687 0.000000 4.324996
v -0.195679 0.000000 4.324996
v -0.571191 0.000000 4.213602
v -0.900429 0.000000 3.999838
v -1.156719 0.000000 3.701022
v -1.319298 0.000000 3.341362
v -1.374996 0.000000 2.949996
vn -0.0000 -1.0000 -0.0000
vn -0.0000 -0.6449 0.7643
vn -0.0000 -0.6449 -0.7643
vn 0.7643 -0.6449 -0.0000
vn -0.7643 -0.6449 -0.0000
vn -0.0000 1.0000 -0.0000
vn -0.0000 0.6449 -0.7643
vn -0.0000 0.6449 0.7643
vn -0.7643 0.6449 -0.0000
vn 0.7643 0.6449 -0.0000
vn -0.0000 -0.0000 1.0000
vn -1.0000 -0.0000 -0.0000
vn 1.0000 -0.0000 -0.0000
vn -0.0000 -0.0000 -1.0000
vn -0.3416 0.3416 0.8756
vn -0.3827 -0.0000 0.9239
vn -0.2549 0.5013 0.8269
vn 0.2549 0.5013 0.8269
vn 0.3827 -0.0000 0.9239
vn 0.3416 0.3416 0.8756
vn 0.8756 0.3416 0.3416
vn 0.9239 -0.0000 0.3827
vn 0.8269 0.5013 0.2549
vn 0.3416 0.3416 -0.8756
vn -0.3827 -0.0000 -0.9239
vn -0.3416 0.3416 -0.8756
vn 0.9239 -0.0000 -0.3827
vn 0.8756 0.3416 -0.3416
vn -0.8269 0.5013 0.2549
vn -0.9239 -0.0000 0.3827
vn -0.8756 0.3416 0.3416
vn -0.8756 0.3416 -0.3416
vn -0.3416 0.8756 0.3416
vn -0.0991 0.9901 0.0991
vn -0.3416 0.8756 -0.3416
vn 0.3416 0.8756 0.3416
vn 0.0991 0.9901 0.0991
vn 0.3416 0.8756 -0.3416
vn 0.3827 -0.0000 -0.9239
vn -0.8871 0.2622 0.3799
vn -0.9239 -0.0000 -0.3827
vn 0.8871 -0.2622 -0.3799
vn -0.3799 -0.2622 -0.8871
vn 0.3799 0.2622 0.8871
vn 0.3799 -0.2622 -0.8871
vn 0.8871 -0.2622 0.3799
vn 0.3799 -0.2622 0.8871
vn -0.3799 0.2622 -0.8871
vn -0.8871 -0.2622 0.3799
vn -0.8871 -0.2622 -0.3799
vn 0.8871 0.2622 0.3799
vn 0.8871 0.2622 -0.3799
vn -0.3799 -0.2622 0.8871
vn -0.8871 0.2622 -0.3799
vn 0.3799 0.2622 -0.8871
vn -0.3799 0.2622 0.8871
vn -0.7968 -0.5287 0.2925
vn -0.7968 0.5287 -0.2925
vn -0.7968 0.5287 0.2925
vn 0.2925 0.5287 0.7968
vn 0.2925 -0.5287 0.7968
vn 0.2925 0.5287 -0.7968
vn 0.7968 0.5287 -0.2925
vn 0.2925 -0.5287 -0.7968
vn 0.7968 -0.5287 -0.2925
vn -0.2925 0.5287 -0.7968
vn -0.2925 -0.5287 -0.7968
vn -0.2925 -0.5287 0.7968
vn -0.2925 0.5287 0.7968
vn 0.7968 -0.5287 0.2925
vn 0.7968 0.5287 0.2925
vn -0.7968 -0.5287 -0.2925
vn 0.0082 0.0648 0.9979
vn -0.1251 0.9921 -0.0000
vn 0.9966 0.0810 -0.0128
vn -0.0082 0.0648 -0.9979
vn 0.2778 -0.9161 -0.2892
vn -0.2778 -0.9161 0.2892
vn -0.2778 -0.9161 -0.2892
vn 0.3571 -0.3580 0.8627
vn 0.8715 0.2964 0.3906
vn 0.3763 0.2820 0.8825
vn 0.2029 0.9497 0.2387
vn 0.3674 0.9195 -0.1397
vn 0.2029 0.9497 -0.2387
vn -0.3571 -0.3580 -0.8627
vn 0.3763 0.2820 -0.8825
vn 0.3571 -0.3580 -0.8627
vn 0.8715 0.2964 -0.3906
vn 0.8503 -0.3766 -0.3677
vn -0.2029 0.9497 0.2387
vn 0.1313 0.8977 0.4206
vn -0.1313 0.8977 -0.4206
vn -0.2029 0.9497 -0.2387
vn -0.3674 0.9195 -0.1397
vn -0.5957 0.7678 0.2360
vn -0.3674 0.9195 0.1397
vn -0.8503 -0.3766 -0.3677
vn -0.8715 0.2964 0.3906
vn -0.8715 0.2964 -0.3906
vn 0.2170 0.7401 0.6365
vn 0.3674 0.9195 0.1397
vn 0.9255 0.1455 0.3498
vn 0.7856 -0.5397 -0.3025
vn 0.9255 0.1454 -0.3498
vn -0.3615 0.1128 0.9255
vn 0.2942 -0.5192 0.8025
vn 0.3615 0.1127 0.9255
vn 0.3959 0.8065 0.4392
vn 0.3614 0.1127 -0.9256
vn -0.2942 -0.5192 -0.8025
vn -0.3614 0.1127 -0.9256
vn 0.3959 0.8065 -0.4392
vn -0.3959 0.8065 -0.4392
vn -0.3959 0.8065 0.4392
vn -0.9937 -0.1122 0.0067
vn -0.9931 -0.1172 -0.0040
vn -0.9933 -0.1157 0.0074
vn -0.9935 -0.1135 0.0073
vn -0.9935 -0.1135 -0.0073
vn -0.9937 -0.1122 -0.0067
vn -0.9931 -0.1172 0.0040
vn -0.9933 -0.1157 -0.0074
vn -0.0045 -0.0889 -0.9960
vn 0.0023 -0.0942 -0.9955
vn -0.0045 -0.0933 -0.9956
vn 0.0051 -0.0901 -0.9959
vn -0.0023 -0.0942 -0.9955
vn 0.0045 -0.0889 -0.9960
vn -0.0051 -0.0901 -0.9959
vn 0.0045 -0.0933 -0.9956
vn 0.9937 -0.1122 -0.0067
vn 0.9931 -0.1172 0.0040
vn 0.9933 -0.1157 -0.0074
vn 0.9935 -0.1135 0.0073
vn 0.9931 -0.1172 -0.0040
vn 0.9937 -0.1122 0.0067
vn 0.9935 -0.1135 -0.0073
vn 0.9933 -0.1157 0.0074
vn 0.0045 -0.0889 0.9960
vn -0.0023 -0.0943 0.9955
vn 0.0045 -0.0933 0.9956
vn 0.0051 -0.0901 0.9959
vn -0.0051 -0.0901 0.9959
vn -0.0045 -0.0889 0.9960
vn 0.0023 -0.0943 0.9955
vn -0.0045 -0.0933 0.9956
vn -0.9948 -0.1023 -0.0000
vn -0.0000 -0.0820 -0.9966
vn 0.9948 -0.1023 -0.0000
vn -0.0000 -0.0820 0.9966
vn -0.0000 0.9878 -0.1556
vn -0.9966 0.0810 0.0128
vn 0.1251 -0.9921 -0.0000
vn 0.1251 0.9921 -0.0000
vn -0.0000 -0.9878 0.1556
vn -0.0000 0.9878 0.1556
vn -0.0082 0.0648 0.9979
vn -0.1251 -0.9921 -0.0000
vn -0.9966 0.0810 -0.0128
vn -0.0000 -0.9878 -0.1556
vn 0.0082 0.0648 -0.9979
vn 0.9966 0.0810 0.0128
vn -0.3571 -0.3580 0.8627
vn -0.3763 0.2820 0.8825
vn -0.3763 0.2820 -0.8825
vn 0.8503 -0.3766 0.3677
vn -0.9255 0.1455 -0.3498
vn -0.9255 0.1454 0.3498
vn -0.7857 -0.5397 -0.3025
vn -0.7856 -0.5397 0.3025
vn -0.2941 -0.5192 0.8025
vn 0.2941 -0.5192 -0.8025
vn 0.7856 -0.5397 0.3025
vn 0.2778 -0.9161 0.2892
vn 0.2170 0.7401 -0.6365
vn 0.5957 0.7678 -0.2360
vn -0.2170 0.7401 -0.6365
vn -0.1414 -0.8891 0.4353
vn -0.3934 -0.9037 0.1689
vn 0.1414 -0.8891 -0.4353
vn 0.3934 -0.9037 -0.1689
vn -0.2170 0.7401 0.6365
vn 0.3934 -0.9037 0.1689
vn 0.1414 -0.8891 0.4353
vn -0.3934 -0.9037 -0.1689
vn -0.1414 -0.8891 -0.4353
vn 0.1313 0.8977 -0.4206
vn -0.1313 0.8977 0.4206
vn 0.5957 0.7678 0.2360
vn -0.5957 0.7678 -0.2360
vn -0.8503 -0.3766 0.3677
vn 0.9255 0.1454 0.3498
vn 0.7857 -0.5397 -0.3025
vn -0.2942 -0.5192 0.8025
vn -0.0000 0.9878 -0.1557
vn 0.1251 -0.9922 -0.0000
vn -0.0000 0.9878 0.1557
vn 0.9966 0.0809 0.0128
vn -0.9255 0.1454 -0.3498
vn -0.3615 0.1127 0.9255
vn -0.7856 -0.5397 -0.3025
vn 0.2942 -0.5192 -0.8025
vn 0.7857 -0.5397 0.3025
vn -0.2171 0.7401 -0.6365
vn -0.2171 0.7401 0.6365
vn 0.8277 0.1935 0.5267
vn 0.6585 -0.0000 0.7526
vn 0.8437 -0.0000 0.5369
vn 0.6461 0.1935 0.7383
vn 0.4188 -0.0000 0.9081
vn 0.4109 0.1935 0.8909
vn 0.1437 -0.0000 0.9896
vn 0.1410 0.1935 0.9709
vn -0.1437 -0.0000 0.9896
vn -0.1410 0.1935 0.9709
vn -0.4188 -0.0000 0.9081
vn -0.4109 0.1935 0.8909
vn -0.6585 -0.0000 0.7526
vn -0.6461 0.1935 0.7383
vn -0.8437 -0.0000 0.5369
vn -0.8277 0.1935 0.5267
vn -0.9602 -0.0000 0.2792
vn -0.9421 0.1935 0.2739
vn -0.9975 -0.0000 0.0706
vn 0.9784 0.1947 0.0687
vn 0.9602 -0.0000 0.2792
vn 0.9975 -0.0000 0.0706
vn 0.9421 0.1935 0.2739
vn 0.6925 0.6928 0.2013
vn 0.7119 0.7005 0.0505
vn 0.2017 0.9777 0.0586
vn 0.6084 0.6928 0.3872
vn 0.1772 0.9777 0.1128
vn 0.4750 0.6927 0.5428
vn 0.1384 0.9777 0.1581
vn 0.3021 0.6926 0.6550
vn 0.0880 0.9777 0.1909
vn 0.1036 0.6926 0.7138
vn 0.0302 0.9776 0.2081
vn -0.1036 0.6926 0.7138
vn -0.0302 0.9776 0.2081
vn -0.3021 0.6926 0.6550
vn -0.0880 0.9777 0.1909
vn -0.4750 0.6927 0.5428
vn -0.1384 0.9777 0.1581
vn -0.6084 0.6928 0.3872
vn -0.1772 0.9777 0.1128
vn -0.6925 0.6928 0.2013
vn -0.2017 0.9777 0.0586
vn -0.9784 0.1947 0.0687
vn -0.7119 0.7005 0.0505
vn -0.2016 0.9793 0.0149
vn 0.2016 0.9793 0.0149
vn 0.1934 0.9811 -0.0000
vn 0.9804 0.1968 -0.0000
vn -0.7046 0.7096 -0.0000
vn -0.9804 0.1968 -0.0000
vn -0.1934 0.9811 -0.0000
vn 0.7046 0.7096 -0.0000
vn 0.3827 0.9239 -0.0000
vn 0.9239 -0.3827 -0.0000
vn 0.9239 0.3827 -0.0000
vn 0.3827 -0.9239 -0.0000
vn 0.8756 -0.3416 0.3416
vn 0.8756 -0.3416 -0.3416
vn -0.0000 0.9239 -0.3827
vn -0.0000 -0.3827 0.9239
vn 0.3416 -0.3416 0.8756
vn -0.0000 0.3827 -0.9239
vn 0.3416 -0.3416 -0.8756
vn -0.0000 -0.3827 -0.9239
vn 0.3416 -0.8756 0.3416
vn 0.3416 -0.8756 -0.3416
vn -0.0000 -0.9239 -0.3827
vn -0.0000 -0.9239 0.3827
vn -0.0000 0.9239 0.3827
vn -0.3827 0.9239 -0.0000
vn -0.9239 0.3827 -0.0000
vn -0.9239 -0.3827 -0.0000
vn -0.3827 -0.9239 -0.0000
vn -0.8756 -0.3416 0.3416
vn -0.8756 -0.3416 -0.3416
vn -0.3416 -0.3416 0.8756
vn -0.3416 -0.3416 -0.8756
vn -0.3416 -0.8756 0.3416
vn -0.3416 -0.8756 -0.3416
vn -0.0000 -0.7714 0.6363
vn -0.0000 0.8230 0.5680
vn -0.3840 0.8397 0.3840
vn -0.3101 0.8987 0.3101
vn -0.3839 0.8397 0.3840
vn -0.0000 0.9520 0.3060
vn -0.3941 0.8303 0.3941
vn -0.0835 0.9930 0.0835
vn -0.0000 -0.6447 -0.7644
vn 0.3840 0.8397 0.3840
vn -0.0000 0.6857 0.7279
vn 0.3941 0.8303 0.3941
vn 0.0835 0.9930 0.0835
vn -0.0000 -0.6727 0.7399
vn -0.0000 -0.6209 0.7839
vn -0.0000 0.8230 -0.5680
vn -0.0000 0.6857 -0.7279
vn -0.0000 0.9520 -0.3060
vn -0.0000 0.6730 -0.7396
vn -0.5680 0.8230 -0.0000
vn -0.7279 0.6857 -0.0000
vn -0.0000 -0.6209 -0.7839
vn -0.0000 -0.7714 -0.6363
vn 0.3840 0.8397 0.3839
vn 0.3101 0.8987 0.3101
vn -0.0000 -0.9068 0.4215
vn -0.0000 -0.9068 -0.4215
vn -0.1252 -0.9842 -0.1252
vn -0.0000 -0.6447 0.7644
vn -0.0000 -0.6731 0.7396
vn -0.0000 -0.6214 0.7835
vn -0.0000 -0.6214 -0.7835
vn 0.1252 -0.9842 -0.1252
vn 0.5680 0.8230 -0.0000
vn 0.3060 0.9520 -0.0000
vn 0.6363 -0.7714 -0.0000
vn 0.7399 -0.6727 -0.0000
vn 0.7839 -0.6209 -0.0000
vn -0.3060 0.9520 -0.0000
vn -0.7396 0.6730 -0.0000
vn -0.6363 -0.7714 -0.0000
vn -0.7399 -0.6727 -0.0000
vn 0.7279 0.6857 -0.0000
vn 0.7644 -0.6447 -0.0000
vn 0.4215 -0.9068 -0.0000
vn -0.7644 -0.6447 -0.0000
vn -0.4215 -0.9068 -0.0000
vn 0.7396 -0.6731 -0.0000
vn 0.7835 -0.6214 -0.0000
vn -0.7396 -0.6731 -0.0000
vn -0.0000 -0.4429 0.8966
vn -0.0000 0.5180 0.8554
vn -0.0000 -0.4428 0.8966
vn -0.0000 0.5179 0.8554
vn -0.0000 -0.4429 -0.8966
vn -0.0000 0.5180 -0.8554
vn -0.0000 -0.4439 -0.8961
vn -0.0000 0.5036 -0.8639
vn -0.0000 -0.4428 -0.8966
vn -0.7839 -0.6209 -0.0000
vn -0.8966 -0.4428 -0.0000
vn -0.8554 0.5180 -0.0000
vn -0.7835 -0.6214 -0.0000
vn -0.8961 -0.4439 -0.0000
vn -0.8639 0.5036 -0.0000
vn 0.8966 -0.4429 -0.0000
vn 0.8966 -0.4428 -0.0000
vn 0.8554 0.5180 -0.0000
vn 0.8554 0.5179 -0.0000
vn 0.8961 -0.4439 -0.0000
vn 0.8639 0.5036 -0.0000
vn 0.7396 0.6730 -0.0000
vn -0.0000 -0.4439 0.8961
vn -0.0000 0.5036 0.8639
vn -0.0000 0.6730 0.7396
vn -0.8966 -0.4429 -0.0000
vn -0.0000 0.3827 0.9239
vn -0.5878 0.8090 -0.0000
vn -0.7508 0.5455 0.3725
vn -0.5455 0.7508 0.3725
vn -0.0785 0.9969 -0.0000
vn -0.2868 0.8826 0.3725
vn -0.0727 0.9234 0.3768
vn 0.9969 0.0785 -0.0000
vn -0.3090 0.9511 -0.0000
vn 0.0727 0.9234 0.3768
vn 0.0785 0.9969 -0.0000
vn -0.8090 0.5878 -0.0000
vn -0.8826 0.2868 0.3725
vn -0.9511 0.3090 -0.0000
vn -0.9235 0.0727 0.3768
vn 0.3090 0.9511 -0.0000
vn 0.2868 0.8826 0.3725
vn 0.5878 0.8090 -0.0000
vn 0.7508 0.5455 0.3725
vn 0.8090 0.5878 -0.0000
vn 0.9511 0.3090 -0.0000
vn 0.8826 0.2868 0.3725
vn 0.5387 -0.7415 0.3999
vn 0.3093 -0.9510 -0.0000
vn 0.2835 -0.8716 0.3999
vn 0.0725 -0.9178 0.3904
vn -0.0787 -0.9969 -0.0000
vn -0.0725 -0.9178 0.3904
vn 0.7415 -0.5387 0.3999
vn 0.5878 -0.8090 -0.0000
vn 0.8716 -0.2835 0.3999
vn 0.8090 -0.5878 -0.0000
vn -0.8716 -0.2835 0.3999
vn -0.9969 -0.0787 -0.0000
vn -0.9178 -0.0725 0.3904
vn 0.9178 -0.0725 0.3904
vn 0.9510 -0.3093 -0.0000
vn -0.7415 -0.5387 0.3999
vn -0.9510 -0.3093 -0.0000
vn -0.2835 -0.8716 0.3999
vn -0.5878 -0.8090 -0.0000
vn -0.5387 -0.7415 0.3999
vn -0.8090 -0.5878 -0.0000
vn -0.3093 -0.9510 -0.0000
vn 0.0787 -0.9969 -0.0000
vn 0.1072 -0.3295 0.9381
vn -0.0312 0.3968 0.9174
vn -0.1271 0.3912 0.9115
vn 0.3642 -0.0288 0.9309
vn -0.1072 -0.3295 0.9381
vn 0.0312 0.3968 0.9174
vn -0.0288 -0.3642 0.9309
vn 0.2418 0.3328 0.9115
vn 0.1271 0.3912 0.9115
vn -0.2803 -0.2036 0.9381
vn -0.2036 -0.2803 0.9381
vn 0.0288 -0.3642 0.9309
vn -0.3295 -0.1071 0.9381
vn 0.3328 0.2418 0.9115
vn -0.2418 0.3328 0.9115
vn 0.2036 -0.2803 0.9381
vn 0.3968 0.0312 0.9174
vn 0.3912 0.1271 0.9115
vn 0.2803 -0.2036 0.9381
vn -0.3328 0.2418 0.9115
vn -0.3642 -0.0288 0.9309
vn 0.3295 -0.1071 0.9381
vn -0.3912 0.1271 0.9115
vn -0.3968 0.0312 0.9174
vn 0.5455 0.7508 0.3725
vn 0.9235 0.0727 0.3768
vn 0.9969 -0.0787 -0.0000
vn 0.9966 0.0809 -0.0128
vn -0.8554 0.5179 -0.0000
vn -0.9969 0.0785 -0.0000
vt 0.482186 0.920660
vt 0.477398 0.920660
vt 0.482186 0.879521
vt 0.477398 0.879521
vt 0.397602 0.879521
vt 0.392814 0.920660
vt 0.397602 0.920660
vt 0.392814 0.879521
vt 0.408773 0.879521
vt 0.413561 0.879521
vt 0.435106 0.920660
vt 0.461439 0.879521
vt 0.439894 0.920660
vt 0.466227 0.879521
vt 0.477398 0.928374
vt 0.482186 0.928374
vt 0.482186 0.887235
vt 0.477398 0.887235
vt 0.397602 0.887235
vt 0.397602 0.928374
vt 0.392814 0.928374
vt 0.392814 0.887235
vt 0.408773 0.887235
vt 0.413561 0.887235
vt 0.435106 0.928374
vt 0.439894 0.928374
vt 0.461439 0.887235
vt 0.466227 0.887235
vt 0.098746 0.802992
vt 0.026254 0.903657
vt 0.026254 0.802992
vt 0.276659 0.807383
vt 0.286899 0.770940
vt 0.286899 0.807383
vt 0.338101 0.807383
vt 0.348341 0.770940
vt 0.348341 0.807383
vt 0.336821 0.807383
vt 0.336821 0.770940
vt 0.276659 0.770940
vt 0.349621 0.807383
vt 0.349621 0.770940
vt 0.288179 0.807383
vt 0.288179 0.770940
vt 0.275379 0.807383
vt 0.275379 0.770940
vt 0.289459 0.807383
vt 0.335541 0.770940
vt 0.335541 0.807383
vt 0.288179 0.854258
vt 0.289459 0.854258
vt 0.289459 0.866405
vt 0.286899 0.854258
vt 0.276659 0.854258
vt 0.275379 0.854258
vt 0.276659 0.866405
vt 0.336821 0.854258
vt 0.335541 0.866405
vt 0.335541 0.854258
vt 0.338101 0.854258
vt 0.348341 0.854258
vt 0.348341 0.866405
vt 0.349621 0.854258
vt 0.348341 0.823008
vt 0.349621 0.786565
vt 0.348341 0.786565
vt 0.349621 0.823008
vt 0.289459 0.823008
vt 0.288179 0.786565
vt 0.289459 0.786565
vt 0.286899 0.786565
vt 0.288179 0.823008
vt 0.286899 0.823008
vt 0.338101 0.823008
vt 0.336821 0.786565
vt 0.338101 0.786565
vt 0.335541 0.786565
vt 0.336821 0.823008
vt 0.335541 0.823008
vt 0.276659 0.823008
vt 0.275379 0.786565
vt 0.276659 0.786565
vt 0.275379 0.823008
vt 0.289459 0.850780
vt 0.335541 0.850780
vt 0.348341 0.850780
vt 0.290739 0.793803
vt 0.290739 0.760350
vt 0.416753 0.849576
vt 0.415955 0.900486
vt 0.416753 0.900486
vt 0.411167 0.849576
vt 0.410369 0.900486
vt 0.411167 0.900486
vt 0.295219 0.793803
vt 0.291379 0.760350
vt 0.295219 0.760350
vt 0.411167 0.869236
vt 0.415955 0.818326
vt 0.411167 0.818326
vt 0.416753 0.869236
vt 0.416753 0.818326
vt 0.415955 0.849576
vt 0.291379 0.793803
vt 0.410369 0.818326
vt 0.410369 0.869236
vt 0.295219 0.770595
vt 0.295859 0.804048
vt 0.295219 0.804048
vt 0.295859 0.793803
vt 0.295859 0.760350
vt 0.415955 0.869236
vt 0.291379 0.770595
vt 0.290739 0.804048
vt 0.291379 0.804048
vt 0.295859 0.770595
vt 0.290739 0.770595
vt 0.410369 0.787076
vt 0.411199 0.784504
vt 0.291405 0.822258
vt 0.290739 0.814293
vt 0.295859 0.824539
vt 0.294720 0.832504
vt 0.295219 0.824539
vt 0.415332 0.815754
vt 0.295193 0.832504
vt 0.415923 0.815754
vt 0.290739 0.824539
vt 0.291879 0.832504
vt 0.291379 0.824539
vt 0.411790 0.815754
vt 0.415955 0.787076
vt 0.411790 0.784504
vt 0.411167 0.787076
vt 0.294720 0.822258
vt 0.291379 0.814293
vt 0.291879 0.822258
vt 0.416753 0.787076
vt 0.415923 0.784504
vt 0.295193 0.822258
vt 0.295859 0.814293
vt 0.415332 0.784504
vt 0.295219 0.814293
vt 0.410369 0.849576
vt 0.480590 0.849576
vt 0.479792 0.900486
vt 0.480590 0.900486
vt 0.475004 0.849576
vt 0.474206 0.900486
vt 0.475004 0.900486
vt 0.475004 0.869236
vt 0.479792 0.818326
vt 0.475004 0.818326
vt 0.480590 0.869236
vt 0.480590 0.818326
vt 0.479792 0.849576
vt 0.474206 0.869236
vt 0.474206 0.818326
vt 0.479792 0.869236
vt 0.474206 0.787076
vt 0.475037 0.784504
vt 0.479760 0.815754
vt 0.479169 0.815754
vt 0.475037 0.815754
vt 0.475627 0.815754
vt 0.479792 0.787076
vt 0.475627 0.784504
vt 0.475004 0.787076
vt 0.480590 0.787076
vt 0.479760 0.784504
vt 0.479169 0.784504
vt 0.474206 0.849576
vt 0.400794 0.849576
vt 0.399996 0.900486
vt 0.400794 0.900486
vt 0.395208 0.849576
vt 0.394410 0.900486
vt 0.395208 0.900486
vt 0.395208 0.869236
vt 0.399996 0.818326
vt 0.395208 0.818326
vt 0.400794 0.869236
vt 0.400794 0.818326
vt 0.399996 0.849576
vt 0.394410 0.869236
vt 0.394410 0.818326
vt 0.399996 0.869236
vt 0.394410 0.787076
vt 0.395240 0.784504
vt 0.399963 0.815754
vt 0.399373 0.815754
vt 0.395830 0.815754
vt 0.395240 0.815754
vt 0.291405 0.832504
vt 0.399996 0.787076
vt 0.395830 0.784504
vt 0.395208 0.787076
vt 0.400794 0.787076
vt 0.399963 0.784504
vt 0.399373 0.784504
vt 0.394410 0.849576
vt 0.410369 0.879521
vt 0.395208 0.879521
vt 0.410369 0.910771
vt 0.411167 0.910771
vt 0.394410 0.910771
vt 0.464631 0.869236
vt 0.464631 0.879521
vt 0.463833 0.900486
vt 0.464631 0.910771
vt 0.463833 0.910771
vt 0.479792 0.910771
vt 0.395538 0.837986
vt 0.411400 0.837986
vt 0.395208 0.837986
vt 0.394410 0.837986
vt 0.411497 0.837986
vt 0.411167 0.837986
vt 0.410369 0.837986
vt 0.479462 0.837986
vt 0.480590 0.837986
vt 0.479792 0.837986
vt 0.463503 0.837986
vt 0.464631 0.837986
vt 0.463833 0.837986
vt 0.463600 0.837986
vt 0.480590 0.879521
vt 0.480590 0.910771
vt 0.479792 0.879521
vt 0.394410 0.879521
vt 0.395208 0.910771
vt 0.395538 0.910771
vt 0.411400 0.910771
vt 0.411497 0.910771
vt 0.479462 0.910771
vt 0.463503 0.910771
vt 0.463600 0.910771
vt 0.463833 0.879521
vt 0.411167 0.879521
vt 0.464631 0.849576
vt 0.464631 0.900486
vt 0.459045 0.900486
vt 0.458247 0.849576
vt 0.458247 0.900486
vt 0.459045 0.869236
vt 0.463833 0.818326
vt 0.459045 0.818326
vt 0.464631 0.818326
vt 0.463833 0.849576
vt 0.458247 0.818326
vt 0.458247 0.869236
vt 0.463833 0.869236
vt 0.458247 0.787076
vt 0.459077 0.784504
vt 0.463210 0.815754
vt 0.463801 0.815754
vt 0.459668 0.815754
vt 0.463833 0.787076
vt 0.459668 0.784504
vt 0.459045 0.787076
vt 0.464631 0.787076
vt 0.463801 0.784504
vt 0.463210 0.784504
vt 0.459045 0.849576
vt 0.453197 0.875795
vt 0.447129 0.855290
vt 0.451035 0.854798
vt 0.423965 0.854798
vt 0.427871 0.855290
vt 0.428019 0.875795
vt 0.429748 0.855290
vt 0.429748 0.854798
vt 0.421803 0.875795
vt 0.451573 0.813170
vt 0.423427 0.813170
vt 0.458623 0.880558
vt 0.461694 0.884432
vt 0.458613 0.884432
vt 0.441224 0.928042
vt 0.451074 0.922167
vt 0.416377 0.880558
vt 0.461694 0.880558
vt 0.433776 0.928042
vt 0.447940 0.922167
vt 0.427060 0.922167
vt 0.423926 0.890917
vt 0.414753 0.886819
vt 0.413306 0.880558
vt 0.413306 0.884432
vt 0.457155 0.886819
vt 0.451074 0.890917
vt 0.447940 0.890917
vt 0.454796 0.850091
vt 0.453755 0.846104
vt 0.422007 0.850071
vt 0.451962 0.846124
vt 0.452993 0.850071
vt 0.424349 0.883025
vt 0.453324 0.883025
vt 0.450651 0.883025
vt 0.423038 0.846124
vt 0.421676 0.883025
vt 0.424349 0.851775
vt 0.421418 0.878818
vt 0.446981 0.875795
vt 0.450651 0.851775
vt 0.453582 0.878818
vt 0.445252 0.854798
vt 0.052871 0.167790
vt 0.050710 0.188787
vt 0.053019 0.188787
vt 0.070252 0.167790
vt 0.054748 0.167790
vt 0.074290 0.188787
vt 0.072129 0.167790
vt 0.071981 0.188787
vt 0.429748 0.823548
vt 0.445252 0.824040
vt 0.445252 0.823548
vt 0.445252 0.855290
vt 0.421803 0.907045
vt 0.425710 0.907537
vt 0.446981 0.907045
vt 0.428019 0.907537
vt 0.428019 0.907045
vt 0.429748 0.824040
vt 0.425710 0.876287
vt 0.453197 0.907045
vt 0.449290 0.907537
vt 0.446981 0.876287
vt 0.446981 0.907537
vt 0.449290 0.876287
vt 0.428019 0.876287
vt 0.416387 0.884432
vt 0.420204 0.896966
vt 0.421676 0.898650
vt 0.422007 0.896946
vt 0.452993 0.896946
vt 0.453324 0.898650
vt 0.454796 0.896966
vt 0.421245 0.830479
vt 0.423038 0.830499
vt 0.423427 0.828795
vt 0.451962 0.830499
vt 0.453755 0.830479
vt 0.451573 0.828795
vt 0.421245 0.846104
vt 0.420204 0.850091
vt 0.460247 0.886819
vt 0.417845 0.886819
vt 0.427060 0.890917
vt 0.417501 0.847568
vt 0.415113 0.847568
vt 0.421418 0.847568
vt 0.457499 0.847568
vt 0.453582 0.847568
vt 0.459887 0.847568
vt 0.423926 0.922167
vt 0.416377 0.864933
vt 0.415113 0.863193
vt 0.417501 0.863193
vt 0.413306 0.864933
vt 0.458623 0.864933
vt 0.459887 0.863193
vt 0.457499 0.863193
vt 0.461694 0.864933
vt 0.460247 0.902444
vt 0.458613 0.900057
vt 0.457155 0.902444
vt 0.461694 0.900057
vt 0.414753 0.902444
vt 0.416387 0.900057
vt 0.417845 0.902444
vt 0.413306 0.900057
vt 0.433499 0.840889
vt 0.433499 0.833355
vt 0.433499 0.844941
vt 0.441501 0.840889
vt 0.441501 0.844941
vt 0.441501 0.833355
vt 0.793063 0.566802
vt 0.793063 0.649604
vt 0.779456 0.566802
vt 0.779456 0.649604
vt 0.850213 0.566802
vt 0.836606 0.649604
vt 0.836606 0.566802
vt 0.850213 0.649604
vt 0.437500 0.912947
vt 0.423865 0.887235
vt 0.397602 0.912947
vt 0.477398 0.912947
vt 0.451135 0.887235
vt 0.347110 0.823764
vt 0.339442 0.810682
vt 0.347110 0.810682
vt 0.339442 0.823764
vt 0.329591 0.810682
vt 0.329591 0.823764
vt 0.318355 0.810682
vt 0.318355 0.823764
vt 0.306645 0.810682
vt 0.306645 0.823764
vt 0.295409 0.810682
vt 0.295409 0.823764
vt 0.285558 0.810682
vt 0.285558 0.823764
vt 0.277890 0.810682
vt 0.277890 0.823764
vt 0.273025 0.810682
vt 0.273025 0.823764
vt 0.271359 0.810682
vt 0.353641 0.823764
vt 0.351975 0.810682
vt 0.353641 0.810682
vt 0.351975 0.823764
vt 0.340188 0.841207
vt 0.334054 0.828125
vt 0.340188 0.828125
vt 0.334054 0.841207
vt 0.326173 0.828125
vt 0.326173 0.841207
vt 0.317184 0.828125
vt 0.317184 0.841207
vt 0.307816 0.828125
vt 0.307816 0.841207
vt 0.298827 0.828125
vt 0.298827 0.841207
vt 0.290946 0.828125
vt 0.290946 0.841207
vt 0.284812 0.828125
vt 0.284812 0.841207
vt 0.280920 0.828125
vt 0.280920 0.841207
vt 0.279587 0.828125
vt 0.345413 0.841207
vt 0.344080 0.828125
vt 0.345413 0.828125
vt 0.344080 0.841207
vt 0.353641 0.870639
vt 0.351507 0.873723
vt 0.351975 0.870639
vt 0.353155 0.873723
vt 0.350379 0.875000
vt 0.346700 0.873723
vt 0.347110 0.870639
vt 0.345708 0.875000
vt 0.339121 0.873723
vt 0.339442 0.870639
vt 0.338347 0.875000
vt 0.329387 0.873723
vt 0.329591 0.870639
vt 0.328894 0.875000
vt 0.318285 0.873723
vt 0.318355 0.870639
vt 0.318116 0.875000
vt 0.306715 0.873723
vt 0.306645 0.870639
vt 0.306884 0.875000
vt 0.295409 0.870639
vt 0.295613 0.873723
vt 0.296106 0.875000
vt 0.285558 0.870639
vt 0.285879 0.873723
vt 0.286653 0.875000
vt 0.277890 0.870639
vt 0.278300 0.873723
vt 0.279292 0.875000
vt 0.273025 0.870639
vt 0.273493 0.873723
vt 0.274621 0.875000
vt 0.271359 0.870639
vt 0.271845 0.873723
vt 0.273021 0.875000
vt 0.345413 0.888082
vt 0.343612 0.891165
vt 0.344080 0.888082
vt 0.344926 0.891165
vt 0.342484 0.892443
vt 0.339778 0.891165
vt 0.340188 0.888082
vt 0.338786 0.892443
vt 0.333733 0.891165
vt 0.334054 0.888082
vt 0.332959 0.892443
vt 0.325969 0.891165
vt 0.326173 0.888082
vt 0.325476 0.892443
vt 0.317114 0.891165
vt 0.317184 0.888082
vt 0.316945 0.892443
vt 0.307886 0.891165
vt 0.307816 0.888082
vt 0.308055 0.892443
vt 0.298827 0.888082
vt 0.299031 0.891165
vt 0.299524 0.892443
vt 0.290946 0.888082
vt 0.291267 0.891165
vt 0.292041 0.892443
vt 0.284812 0.888082
vt 0.285222 0.891165
vt 0.286214 0.892443
vt 0.280920 0.888082
vt 0.281388 0.891165
vt 0.282516 0.892443
vt 0.279587 0.888082
vt 0.280074 0.891165
vt 0.281249 0.892443
vt 0.312500 0.851427
vt 0.342484 0.851427
vt 0.343751 0.851427
vt 0.338786 0.851427
vt 0.332959 0.851427
vt 0.325476 0.851427
vt 0.316945 0.851427
vt 0.308055 0.851427
vt 0.299524 0.851427
vt 0.292041 0.851427
vt 0.286214 0.851427
vt 0.282516 0.851427
vt 0.281249 0.851427
vt 0.312500 0.859375
vt 0.350379 0.859375
vt 0.351979 0.859375
vt 0.345708 0.859375
vt 0.338347 0.859375
vt 0.328894 0.859375
vt 0.318116 0.859375
vt 0.306884 0.859375
vt 0.296106 0.859375
vt 0.286653 0.859375
vt 0.279292 0.859375
vt 0.274621 0.859375
vt 0.273021 0.859375
vt 0.343751 0.892443
vt 0.279587 0.841207
vt 0.351979 0.875000
vt 0.271359 0.823764
vt 0.414610 0.891018
vt 0.403767 0.844859
vt 0.414610 0.844859
vt 0.457981 0.891018
vt 0.457981 0.844859
vt 0.417019 0.891018
vt 0.417019 0.844859
vt 0.471233 0.891018
vt 0.460390 0.844859
vt 0.471233 0.844859
vt 0.473642 0.891018
vt 0.473642 0.844859
vt 0.962222 0.212222
vt 0.787778 0.037778
vt 0.962222 0.037778
vt 0.403767 0.891018
vt 0.401358 0.844859
vt 0.460390 0.891018
vt 0.401358 0.891018
vt 0.413405 0.870122
vt 0.452559 0.864800
vt 0.422441 0.864800
vt 0.413405 0.826091
vt 0.422441 0.831413
vt 0.461595 0.826091
vt 0.452559 0.831413
vt 0.461595 0.870122
vt 0.452559 0.851245
vt 0.422441 0.851245
vt 0.462800 0.901944
vt 0.412200 0.901944
vt 0.462800 0.855894
vt 0.412200 0.879983
vt 0.412200 0.855894
vt 0.462800 0.853765
vt 0.412200 0.853765
vt 0.462800 0.909731
vt 0.412200 0.911860
vt 0.412200 0.909731
vt 0.412200 0.865810
vt 0.462800 0.863681
vt 0.462800 0.865810
vt 0.476654 0.844593
vt 0.398346 0.816778
vt 0.476654 0.816778
vt 0.476654 0.867086
vt 0.398346 0.867086
vt 0.395334 0.844593
vt 0.395334 0.816778
vt 0.479666 0.844593
vt 0.479666 0.816778
vt 0.398346 0.824033
vt 0.398346 0.826694
vt 0.395334 0.826694
vt 0.398346 0.877002
vt 0.395334 0.874341
vt 0.398346 0.874341
vt 0.476654 0.824033
vt 0.479666 0.826694
vt 0.476654 0.826694
vt 0.476654 0.877002
vt 0.476654 0.874341
vt 0.479666 0.874341
vt 0.479666 0.854509
vt 0.476654 0.854509
vt 0.398346 0.854509
vt 0.395334 0.854509
vt 0.476654 0.814117
vt 0.398346 0.814117
vt 0.476654 0.919099
vt 0.398346 0.891284
vt 0.476654 0.891284
vt 0.476654 0.941593
vt 0.398346 0.941593
vt 0.395334 0.919099
vt 0.395334 0.891284
vt 0.479666 0.919099
vt 0.479666 0.891284
vt 0.398346 0.898539
vt 0.398346 0.901200
vt 0.395334 0.901200
vt 0.398346 0.951509
vt 0.395334 0.948847
vt 0.398346 0.948847
vt 0.476654 0.898539
vt 0.479666 0.901200
vt 0.476654 0.901200
vt 0.476654 0.951509
vt 0.476654 0.948847
vt 0.479666 0.948847
vt 0.479666 0.929015
vt 0.476654 0.929015
vt 0.398346 0.929015
vt 0.395334 0.929015
vt 0.476654 0.888623
vt 0.398346 0.888623
vt 0.345478 0.398399
vt 0.345478 0.409426
vt 0.345478 0.420602
vt 0.279522 0.398399
vt 0.279522 0.409426
vt 0.279522 0.389419
vt 0.345478 0.298148
vt 0.336579 0.271687
vt 0.334807 0.266898
vt 0.279522 0.408245
vt 0.293349 0.362920
vt 0.299574 0.376995
vt 0.279522 0.386841
vt 0.287772 0.341516
vt 0.293998 0.355591
vt 0.279522 0.451852
vt 0.304488 0.405793
vt 0.310794 0.420602
vt 0.345478 0.318155
vt 0.329656 0.286905
vt 0.345478 0.408245
vt 0.331651 0.362920
vt 0.345478 0.394170
vt 0.320512 0.405793
vt 0.345478 0.451852
vt 0.314206 0.420602
vt 0.279522 0.318562
vt 0.287701 0.289257
vt 0.279522 0.320507
vt 0.279522 0.361370
vt 0.298855 0.332065
vt 0.279522 0.363315
vt 0.345478 0.400344
vt 0.345478 0.405793
vt 0.345478 0.403118
vt 0.345478 0.361370
vt 0.326145 0.332065
vt 0.325426 0.330120
vt 0.298925 0.384324
vt 0.279522 0.429649
vt 0.279522 0.415574
vt 0.345478 0.318562
vt 0.337299 0.289257
vt 0.336579 0.287312
vt 0.345478 0.357536
vt 0.345478 0.362920
vt 0.345478 0.360291
vt 0.279522 0.420602
vt 0.345478 0.349405
vt 0.345478 0.334187
vt 0.345478 0.355591
vt 0.345478 0.429649
vt 0.345478 0.378940
vt 0.345478 0.384324
vt 0.345478 0.381695
vt 0.279522 0.394170
vt 0.279522 0.437043
vt 0.345478 0.483102
vt 0.314206 0.451852
vt 0.299574 0.408245
vt 0.293349 0.394170
vt 0.345478 0.363315
vt 0.345478 0.320507
vt 0.345478 0.336132
vt 0.345478 0.341516
vt 0.345478 0.386841
vt 0.279522 0.372766
vt 0.326075 0.384324
vt 0.319849 0.398399
vt 0.337228 0.341516
vt 0.345478 0.372766
vt 0.279522 0.336132
vt 0.279522 0.341516
vt 0.279522 0.334187
vt 0.279522 0.355591
vt 0.345478 0.302937
vt 0.279522 0.298148
vt 0.279522 0.302937
vt 0.279522 0.376995
vt 0.279522 0.362920
vt 0.279522 0.405793
vt 0.345478 0.376995
vt 0.345478 0.341911
vt 0.279522 0.339966
vt 0.279522 0.341911
vt 0.345478 0.378176
vt 0.314206 0.346926
vt 0.279522 0.483102
vt 0.319356 0.326919
vt 0.345478 0.358169
vt 0.324506 0.306912
vt 0.345478 0.338162
vt 0.279522 0.369412
vt 0.279522 0.349405
vt 0.279522 0.329398
vt 0.279522 0.338162
vt 0.295344 0.286905
vt 0.279522 0.318155
vt 0.279522 0.358169
vt 0.300494 0.306912
vt 0.279522 0.378176
vt 0.305644 0.326919
vt 0.310794 0.451852
vt 0.293278 0.310661
vt 0.279522 0.378940
vt 0.279522 0.384324
vt 0.279522 0.382774
vt 0.304431 0.353469
vt 0.279522 0.384719
vt 0.345478 0.384719
vt 0.279522 0.400344
vt 0.290193 0.266898
vt 0.279522 0.357536
vt 0.288421 0.271687
vt 0.345478 0.339966
vt 0.331722 0.310661
vt 0.331002 0.308716
vt 0.345478 0.338887
vt 0.310794 0.346926
vt 0.314206 0.409426
vt 0.319356 0.389419
vt 0.325426 0.408245
vt 0.331651 0.394170
vt 0.320512 0.437043
vt 0.336579 0.318562
vt 0.337299 0.320507
vt 0.325426 0.361370
vt 0.326145 0.363315
vt 0.305151 0.398399
vt 0.310794 0.409426
vt 0.304488 0.437043
vt 0.288421 0.318562
vt 0.287701 0.320507
vt 0.326075 0.415574
vt 0.319849 0.429649
vt 0.337299 0.336132
vt 0.336579 0.334187
vt 0.295344 0.318155
vt 0.290193 0.298148
vt 0.310794 0.483102
vt 0.314206 0.483102
vt 0.310794 0.378176
vt 0.305644 0.358169
vt 0.300494 0.338162
vt 0.305644 0.389419
vt 0.300494 0.369412
vt 0.295344 0.349405
vt 0.288421 0.334187
vt 0.290193 0.329398
vt 0.329656 0.349405
vt 0.334807 0.329398
vt 0.331002 0.355591
vt 0.324506 0.369412
vt 0.325426 0.376995
vt 0.324506 0.338162
vt 0.329656 0.318155
vt 0.319356 0.358169
vt 0.314206 0.378176
vt 0.299574 0.361370
vt 0.298855 0.363315
vt 0.331002 0.386841
vt 0.337228 0.372766
vt 0.305151 0.429649
vt 0.298925 0.415574
vt 0.288421 0.302937
vt 0.331002 0.339966
vt 0.331722 0.341911
vt 0.293998 0.386841
vt 0.287772 0.372766
vt 0.293998 0.339966
vt 0.293278 0.341911
vt 0.326145 0.378940
vt 0.319849 0.382774
vt 0.320569 0.384719
vt 0.305151 0.382774
vt 0.304431 0.384719
vt 0.320569 0.400344
vt 0.334807 0.298148
vt 0.331722 0.357536
vt 0.336579 0.302937
vt 0.345478 0.389419
vt 0.345478 0.369412
vt 0.345478 0.329398
vt 0.292863 0.329041
vt 0.279522 0.360291
vt 0.292863 0.375916
vt 0.279522 0.409795
vt 0.279522 0.407166
vt 0.298439 0.350445
vt 0.279522 0.381695
vt 0.298439 0.397320
vt 0.279522 0.431199
vt 0.279522 0.428570
vt 0.279522 0.385762
vt 0.345478 0.388391
vt 0.345478 0.385762
vt 0.279522 0.449993
vt 0.345478 0.452668
vt 0.345478 0.449993
vt 0.345478 0.409795
vt 0.345478 0.407166
vt 0.345478 0.431199
vt 0.345478 0.428570
vt 0.287701 0.336132
vt 0.287286 0.338887
vt 0.287286 0.385762
vt 0.287772 0.388391
vt 0.304431 0.400344
vt 0.304012 0.403118
vt 0.304012 0.449993
vt 0.304488 0.452668
vt 0.337299 0.367382
vt 0.337714 0.370137
vt 0.337714 0.385762
vt 0.337228 0.388391
vt 0.320988 0.403118
vt 0.320988 0.449993
vt 0.320512 0.452668
vt 0.332137 0.360291
vt 0.332137 0.407166
vt 0.331651 0.409795
vt 0.326561 0.381695
vt 0.326561 0.428570
vt 0.326075 0.431199
vt 0.345478 0.367382
vt 0.337714 0.338887
vt 0.337714 0.354512
vt 0.337228 0.357141
vt 0.320988 0.371868
vt 0.320569 0.369094
vt 0.320988 0.418743
vt 0.320512 0.421418
vt 0.332137 0.329041
vt 0.331722 0.326286
vt 0.332137 0.375916
vt 0.331651 0.378545
vt 0.326561 0.350445
vt 0.326145 0.347690
vt 0.326561 0.397320
vt 0.326075 0.399949
vt 0.287286 0.307637
vt 0.279522 0.338887
vt 0.287286 0.354512
vt 0.279522 0.388391
vt 0.304012 0.371868
vt 0.279522 0.403118
vt 0.304012 0.418743
vt 0.279522 0.452668
vt 0.293278 0.357536
vt 0.292863 0.360291
vt 0.292863 0.407166
vt 0.293349 0.409795
vt 0.298855 0.378940
vt 0.298439 0.381695
vt 0.298439 0.428570
vt 0.298925 0.431199
vt 0.345478 0.382774
vt 0.320569 0.353469
vt 0.319849 0.351524
vt 0.412686 0.766660
vt 0.462369 0.766660
vt 0.462369 0.803045
vt 0.412686 0.827006
vt 0.412686 0.803045
vt 0.467508 0.803045
vt 0.467508 0.827006
vt 0.462369 0.863391
vt 0.412686 0.863391
vt 0.407546 0.787420
vt 0.412686 0.782285
vt 0.412686 0.787420
vt 0.462369 0.782285
vt 0.467508 0.787420
vt 0.462369 0.787420
vt 0.407546 0.873881
vt 0.412686 0.873881
vt 0.412686 0.879016
vt 0.467508 0.873881
vt 0.462369 0.879016
vt 0.462369 0.873881
vt 0.407546 0.842631
vt 0.412686 0.818670
vt 0.412686 0.842631
vt 0.467508 0.818670
vt 0.462369 0.842631
vt 0.462369 0.818670
vt 0.407546 0.827006
vt 0.407546 0.803045
vt 0.467508 0.842631
vt 0.415719 0.918883
vt 0.409967 0.911804
vt 0.431000 0.924993
vt 0.422966 0.923427
vt 0.469998 0.892998
vt 0.469998 0.825007
vt 0.444000 0.924993
vt 0.406274 0.902885
vt 0.405002 0.892998
vt 0.452034 0.923427
vt 0.459281 0.918883
vt 0.465033 0.911804
vt 0.468726 0.902885
vt 0.421330 0.878128
vt 0.425916 0.881004
vt 0.431742 0.882144
vt 0.443258 0.882144
vt 0.417690 0.873649
vt 0.415353 0.868004
vt 0.459647 0.868004
vt 0.460573 0.860835
vt 0.414427 0.860835
vt 0.457310 0.873649
vt 0.405002 0.825007
vt 0.449084 0.881004
vt 0.453670 0.878128
vt 0.425611 0.913410
vt 0.431077 0.923793
vt 0.423271 0.922273
vt 0.460574 0.793757
vt 0.413452 0.892179
vt 0.405977 0.825007
vt 0.413451 0.825007
vt 0.449389 0.913410
vt 0.443923 0.923793
vt 0.443335 0.914593
vt 0.458701 0.917900
vt 0.451729 0.922273
vt 0.458108 0.905613
vt 0.454250 0.910361
vt 0.431665 0.914593
vt 0.460586 0.899630
vt 0.464234 0.911090
vt 0.416299 0.917900
vt 0.420750 0.910361
vt 0.469023 0.892903
vt 0.467787 0.902509
vt 0.416892 0.905613
vt 0.410766 0.911090
vt 0.461548 0.892179
vt 0.469023 0.825007
vt 0.414414 0.899630
vt 0.407213 0.902509
vt 0.405977 0.892903
vt 0.423271 0.953523
vt 0.431000 0.956243
vt 0.422966 0.954677
vt 0.415719 0.950133
vt 0.416299 0.949150
vt 0.410766 0.942340
vt 0.409967 0.943054
vt 0.406274 0.934135
vt 0.407213 0.933759
vt 0.405002 0.924248
vt 0.405977 0.924153
vt 0.451729 0.953523
vt 0.444000 0.956243
vt 0.443923 0.955043
vt 0.459281 0.950133
vt 0.452034 0.954677
vt 0.464234 0.942340
vt 0.458701 0.949150
vt 0.468726 0.934135
vt 0.465033 0.943054
vt 0.467787 0.933759
vt 0.469998 0.924248
vt 0.469998 0.856257
vt 0.469023 0.924153
vt 0.469023 0.856257
vt 0.405002 0.856257
vt 0.425916 0.943504
vt 0.431665 0.945843
vt 0.425611 0.944660
vt 0.420750 0.941611
vt 0.421330 0.940628
vt 0.416892 0.936863
vt 0.417690 0.936149
vt 0.414414 0.930880
vt 0.415353 0.930504
vt 0.413452 0.923429
vt 0.414427 0.923335
vt 0.449084 0.943504
vt 0.443335 0.945843
vt 0.443258 0.944644
vt 0.454250 0.941611
vt 0.449389 0.944660
vt 0.453670 0.940628
vt 0.458108 0.936863
vt 0.457310 0.936149
vt 0.460586 0.930880
vt 0.459647 0.930504
vt 0.461548 0.923429
vt 0.461549 0.856257
vt 0.460573 0.923335
vt 0.460574 0.856257
vt 0.413451 0.856257
vt 0.414426 0.793757
vt 0.345651 0.767714
vt 0.353641 0.767714
vt 0.351975 0.767714
vt 0.344225 0.767713
vt 0.347110 0.767714
vt 0.340301 0.767714
vt 0.339442 0.767714
vt 0.334126 0.767714
vt 0.329591 0.767714
vt 0.326210 0.767714
vt 0.318355 0.767714
vt 0.317195 0.767713
vt 0.306645 0.767714
vt 0.307805 0.767713
vt 0.295409 0.767714
vt 0.298790 0.767714
vt 0.285558 0.767714
vt 0.290874 0.767714
vt 0.277890 0.767714
vt 0.284699 0.767714
vt 0.273025 0.767714
vt 0.280775 0.767714
vt 0.271359 0.767714
vt 0.279349 0.767713
vt 0.336821 0.767425
vt 0.288179 0.767425
vt 0.289459 0.767425
vt 0.349621 0.767425
vt 0.276659 0.767425
vt 0.348341 0.767425
vt 0.275379 0.767425
vt 0.286899 0.767425
vt 0.338101 0.767425
vt 0.098746 0.903657
vt 0.338101 0.770940
vt 0.289459 0.770940
vt 0.276659 0.850780
vt 0.411199 0.815754
vt 0.459077 0.815754
vt 0.787778 0.212222
vt 0.462800 0.879983
vt 0.462800 0.911860
vt 0.412200 0.863681
vt 0.398346 0.844593
vt 0.398346 0.919099
vt 0.345478 0.437043
vt 0.288421 0.287312
vt 0.299574 0.330120
vt 0.345478 0.415574
vt 0.293998 0.308716
vt 0.305151 0.351524
vt 0.293278 0.326286
vt 0.293349 0.378545
vt 0.298855 0.347690
vt 0.298925 0.399949
vt 0.345478 0.370137
vt 0.287701 0.304882
vt 0.287772 0.357141
vt 0.304431 0.369094
vt 0.304488 0.421418
vt 0.462369 0.827006
vt 0.407546 0.818670
vt 0.461549 0.825007
vt 0.431077 0.955043
vt 0.405977 0.856257
vt 0.431742 0.944644
vt 0.414426 0.856257
vt 0.335541 0.767425
s 1
f 619/1/1 611/2/1 612/2/1
f 617/3/2 612/2/2 607/4/2
f 618/1/3 606/4/3 611/2/3
f 620/4/1 617/3/1 607/4/1
f 621/5/1 607/4/1 608/5/1
f 625/6/1 610/7/1 609/7/1
f 626/6/2 608/5/2 610/7/2
f 624/8/1 621/5/1 608/5/1
f 623/8/3 609/7/3 605/5/3
f 629/5/1 623/8/1 605/5/1
f 605/5/1 628/9/1 629/5/1
f 613/10/1 628/9/1 602/10/1
f 635/11/4 613/10/4 615/11/4
f 632/12/5 614/13/5 603/12/5
f 633/10/1 631/9/1 613/10/1
f 634/13/1 615/11/1 614/13/1
f 637/14/1 632/12/1 603/12/1
f 603/12/1 638/14/1 637/14/1
f 641/3/1 606/4/1 616/3/1
f 606/4/1 638/14/1 604/12/1
f 648/15/6 659/16/6 651/15/6
f 651/15/7 658/17/7 650/18/7
f 649/18/8 656/16/8 648/15/8
f 658/17/6 661/18/6 650/18/6
f 650/18/6 660/19/6 647/19/6
f 646/20/6 664/21/6 645/20/6
f 647/19/7 665/21/7 646/20/7
f 660/19/6 666/22/6 647/19/6
f 645/20/8 663/22/8 644/19/8
f 663/22/6 668/19/6 644/19/6
f 644/19/6 669/23/6 655/24/6
f 654/24/6 669/23/6 671/23/6
f 654/24/9 673/25/9 653/25/9
f 652/26/10 675/27/10 642/27/10
f 671/23/6 674/24/6 654/24/6
f 653/25/6 672/26/6 652/26/6
f 675/27/6 677/28/6 642/27/6
f 642/27/6 678/28/6 643/27/6
f 649/18/6 681/17/6 657/17/6
f 649/18/6 678/28/6 680/18/6
f 633/10/11 676/23/11 636/9/11
f 611/2/12 649/18/12 648/15/12
f 616/3/13 681/17/13 641/3/13
f 612/2/12 650/18/12 607/4/12
f 640/4/11 678/28/11 638/14/11
f 611/2/12 651/15/12 612/2/12
f 627/8/14 660/19/14 621/5/14
f 615/11/14 652/26/14 614/13/14
f 621/5/14 661/18/14 620/4/14
f 615/11/14 654/24/14 653/25/14
f 628/9/11 668/19/11 629/5/11
f 620/4/14 662/17/14 622/3/14
f 636/9/12 671/23/12 631/9/12
f 602/10/13 654/24/13 613/10/13
f 629/5/11 670/22/11 630/8/11
f 622/3/13 658/17/13 617/3/13
f 638/14/13 677/28/13 637/14/13
f 605/5/14 655/24/14 602/10/14
f 630/8/12 663/22/12 623/8/12
f 637/14/13 679/28/13 639/14/13
f 604/12/14 649/18/14 606/4/14
f 639/14/11 675/27/11 632/12/11
f 607/4/11 647/19/11 608/5/11
f 625/6/12 663/22/12 664/21/12
f 614/13/14 642/27/14 603/12/14
f 603/12/12 643/27/12 604/12/12
f 625/6/12 665/21/12 626/6/12
f 618/1/13 657/17/13 616/3/13
f 634/13/11 673/25/11 635/11/11
f 609/7/13 644/19/13 605/5/13
f 626/6/12 666/22/12 624/8/12
f 641/3/11 680/18/11 640/4/11
f 619/1/13 658/17/13 659/16/13
f 635/11/11 674/24/11 633/10/11
f 610/7/13 645/20/13 609/7/13
f 624/8/12 667/22/12 627/8/12
f 631/9/12 669/23/12 628/9/12
f 619/1/13 656/16/13 618/1/13
f 634/13/11 675/27/11 672/26/11
f 610/7/13 647/19/13 646/20/13
f 1700/29/11 1701/30/11 1699/31/11
f 10/32/15 28/33/16 4/34/17
f 16/35/18 40/36/19 22/37/20
f 13/38/21 36/39/22 18/38/23
f 19/37/24 30/40/25 7/32/26
f 23/41/21 38/42/27 21/41/28
f 5/43/29 26/44/30 1/43/31
f 8/45/32 32/46/30 12/45/31
f 2/47/15 34/48/19 15/49/20
f 1/50/31 2/51/15 3/52/33
f 4/53/17 5/50/29 6/52/34
f 7/54/26 8/55/32 9/56/35
f 10/54/15 11/56/33 12/55/31
f 13/57/21 14/58/36 15/59/20
f 16/60/18 17/58/37 18/57/23
f 19/61/24 20/62/38 21/63/28
f 22/61/20 23/63/21 24/62/36
f 11/56/33 4/53/17 6/52/34
f 3/52/33 5/50/29 1/50/31
f 16/60/18 24/62/36 17/58/37
f 18/57/23 14/58/36 13/57/21
f 20/62/38 7/54/26 9/56/35
f 15/59/20 3/52/33 2/51/15
f 9/56/35 12/55/31 11/56/33
f 21/63/28 24/62/36 23/63/21
f 19/64/24 38/65/27 37/66/39
f 40/66/19 23/67/21 22/64/20
f 2/68/15 26/69/30 25/70/16
f 28/71/16 5/72/29 4/73/17
f 16/74/18 36/75/22 35/76/19
f 34/77/19 13/78/21 15/79/20
f 10/80/15 32/81/30 31/82/16
f 30/82/25 8/83/32 7/80/26
f 6/84/34 17/85/37 20/86/38
f 60/87/40 45/88/41 42/88/30
f 69/89/42 56/90/39 55/91/27
f 63/92/43 48/93/41 47/94/25
f 76/95/44 41/96/16 50/97/19
f 47/98/25 73/99/45 63/100/43
f 55/101/27 79/102/46 69/102/42
f 75/103/47 52/91/22 51/90/19
f 64/104/48 53/97/39 46/96/25
f 61/105/49 48/106/41 66/105/50
f 50/107/19 78/108/51 76/109/44
f 70/110/52 49/111/22 54/111/27
f 51/112/19 58/100/53 75/99/47
f 46/113/25 67/114/54 64/115/48
f 54/116/27 72/109/55 70/108/52
f 57/115/56 42/117/30 41/113/16
f 66/118/50 62/119/57 61/118/49
f 68/120/58 60/121/40 62/120/59
f 78/122/51 77/123/60 76/124/44
f 77/125/61 79/102/46 75/99/47
f 70/122/52 74/123/62 71/126/63
f 74/125/64 69/102/42 71/127/65
f 67/128/54 65/129/66 64/130/48
f 65/131/67 66/105/50 63/100/43
f 61/105/49 59/131/68 58/100/53
f 59/129/69 60/128/40 57/130/56
f 73/132/45 65/133/67 63/134/43
f 74/135/62 64/136/48 65/137/66
f 69/138/42 80/139/70 71/139/65
f 71/140/63 78/141/51 70/141/52
f 58/134/53 77/142/61 75/132/47
f 59/137/69 76/143/44 77/135/60
f 44/94/16 61/144/49 58/92/53
f 100/87/40 85/88/41 82/88/30
f 109/145/42 96/146/39 95/147/27
f 103/148/43 88/149/41 87/150/25
f 116/95/44 81/96/16 90/97/19
f 87/151/25 113/152/45 103/153/43
f 95/154/27 119/155/46 109/155/42
f 115/156/47 92/147/22 91/146/19
f 104/104/48 93/97/39 86/96/25
f 83/157/30 106/158/50 101/158/49
f 90/107/19 118/108/51 116/109/44
f 110/110/52 89/111/22 94/111/27
f 91/159/19 98/153/53 115/152/47
f 86/113/25 107/114/54 104/115/48
f 94/116/27 112/109/55 110/108/52
f 97/115/56 82/117/30 81/113/16
f 106/160/50 102/161/57 101/160/49
f 108/120/58 100/121/40 102/120/59
f 116/124/44 120/126/71 117/123/60
f 120/162/70 115/152/47 117/163/61
f 112/124/55 111/126/63 110/122/52
f 111/162/65 113/152/45 109/155/42
f 107/128/54 105/129/66 104/130/48
f 108/164/72 103/153/43 105/165/67
f 98/153/53 102/164/57 99/165/68
f 99/129/69 100/128/40 97/130/56
f 113/166/45 105/167/67 103/168/43
f 114/135/62 104/136/48 105/137/66
f 119/169/46 111/170/65 109/169/42
f 120/140/71 110/141/52 111/140/63
f 98/168/53 117/171/61 115/166/47
f 99/137/69 116/143/44 117/135/60
f 84/150/16 101/172/49 98/148/53
f 140/87/40 125/88/41 122/88/30
f 149/173/42 136/174/39 135/175/27
f 143/176/43 128/177/41 127/178/25
f 156/95/44 121/96/16 130/97/19
f 127/179/25 153/180/45 143/181/43
f 135/182/27 159/183/46 149/183/42
f 155/184/47 132/175/22 131/174/19
f 144/104/48 133/97/39 126/96/25
f 123/185/30 146/186/50 141/186/49
f 130/107/19 158/108/51 156/109/44
f 150/110/52 129/111/22 134/111/27
f 131/187/19 138/181/53 155/180/47
f 126/113/25 147/114/54 144/115/48
f 134/116/27 152/109/55 150/108/52
f 137/115/56 122/117/30 121/113/16
f 141/188/49 148/189/72 142/189/57
f 148/120/58 140/121/40 142/120/59
f 158/122/51 157/123/60 156/124/44
f 160/190/70 155/180/47 157/191/61
f 150/122/52 154/123/62 151/126/63
f 154/191/64 149/183/42 151/190/65
f 147/128/54 145/129/66 144/130/48
f 145/192/67 146/186/50 143/181/43
f 138/181/53 142/193/57 139/192/68
f 142/194/59 137/130/56 139/129/69
f 153/195/45 145/196/67 143/197/43
f 154/135/62 144/136/48 145/137/66
f 159/198/46 151/199/65 149/198/42
f 151/140/63 158/141/51 150/141/52
f 138/197/53 157/200/61 155/195/47
f 139/137/69 156/143/44 157/135/60
f 124/178/16 141/201/49 138/176/53
f 195/202/12 171/106/30 193/202/30
f 196/203/25 181/159/39 174/179/25
f 193/204/30 172/94/16 194/205/16
f 197/206/41 174/178/25 175/177/41
f 178/207/22 202/208/13 200/208/22
f 179/209/19 200/210/22 201/211/19
f 203/212/39 182/147/27 181/146/39
f 164/213/1 161/214/1 163/213/1
f 163/213/1 170/215/1 169/216/1
f 162/217/1 172/218/1 171/219/1
f 162/217/1 173/219/1 161/214/1
f 163/213/1 173/219/1 170/215/1
f 164/213/1 175/216/1 174/215/1
f 164/213/1 169/216/1 175/216/1
f 167/220/1 176/221/1 177/222/1
f 166/223/1 178/224/1 179/225/1
f 166/223/1 172/218/1 162/217/1
f 166/223/1 180/224/1 178/224/1
f 167/220/1 180/224/1 165/226/1
f 168/220/1 181/222/1 182/221/1
f 167/220/1 182/221/1 176/221/1
f 164/213/1 181/222/1 168/220/1
f 165/226/1 168/220/1 167/220/1
f 161/214/1 168/220/1 165/226/1
f 162/217/1 165/226/1 166/223/1
f 204/227/27 176/154/22 182/154/27
f 198/228/22 177/146/19 176/147/22
f 180/207/11 199/229/19 202/208/11
f 191/230/30 175/185/41 169/185/30
f 192/231/16 169/177/30 170/178/16
f 192/203/16 173/106/11 195/202/11
f 186/232/6 185/232/6 183/233/6
f 185/232/6 191/206/6 192/231/6
f 184/234/6 193/204/6 194/205/6
f 195/204/6 184/234/6 183/233/6
f 185/232/6 195/204/6 183/233/6
f 186/232/6 196/231/6 197/206/6
f 197/206/6 185/232/6 186/232/6
f 189/235/6 199/212/6 198/228/6
f 188/236/6 201/211/6 200/210/6
f 194/205/6 188/236/6 184/234/6
f 188/236/6 202/210/6 187/237/6
f 202/210/6 189/235/6 187/237/6
f 190/235/6 204/228/6 203/212/6
f 198/228/6 190/235/6 189/235/6
f 203/212/6 186/232/6 190/235/6
f 187/237/6 189/235/6 190/235/6
f 190/235/6 183/233/6 187/237/6
f 187/237/6 184/234/6 188/236/6
f 172/98/16 201/238/19 194/239/16
f 224/87/40 209/88/41 206/88/30
f 233/240/42 220/209/39 219/241/27
f 211/242/25 230/243/50 212/244/41
f 240/95/44 205/96/16 214/97/19
f 211/245/25 237/246/45 227/247/43
f 219/207/27 243/248/46 233/248/42
f 239/249/47 216/241/22 215/209/19
f 228/104/48 217/97/39 210/96/25
f 225/250/49 212/251/41 230/250/50
f 214/107/19 242/108/51 240/109/44
f 234/110/52 213/111/22 218/111/27
f 215/252/19 222/247/53 239/246/47
f 210/113/25 231/114/54 228/115/48
f 218/116/27 236/109/55 234/108/52
f 221/115/56 206/117/30 205/113/16
f 230/253/50 226/254/57 225/253/49
f 232/120/58 224/121/40 226/120/59
f 242/122/51 241/123/60 240/124/44
f 241/255/61 243/248/46 239/246/47
f 234/122/52 238/123/62 235/126/63
f 238/255/64 233/248/42 235/256/65
f 231/128/54 229/129/66 228/130/48
f 229/257/67 230/250/50 227/247/43
f 225/250/49 223/257/68 222/247/53
f 223/129/69 224/128/40 221/130/56
f 237/258/45 229/259/67 227/260/43
f 238/135/62 228/136/48 229/137/66
f 233/261/42 244/262/70 235/262/65
f 235/140/63 242/141/51 234/141/52
f 222/260/53 241/263/61 239/258/47
f 223/137/69 240/143/44 241/135/60
f 208/242/16 225/243/49 222/264/53
f 264/87/40 249/88/41 246/88/30
f 259/147/27 277/156/45 260/146/39
f 267/148/43 252/149/41 251/150/25
f 280/95/44 245/96/16 254/97/19
f 251/151/25 277/152/45 267/153/43
f 259/154/27 283/155/46 273/155/42
f 255/146/19 283/145/46 256/147/22
f 268/104/48 257/97/39 250/96/25
f 247/157/30 270/158/50 265/158/49
f 254/107/19 282/108/51 280/109/44
f 274/110/52 253/111/22 258/111/27
f 255/159/19 262/153/53 279/152/47
f 250/113/25 271/114/54 268/115/48
f 258/116/27 276/109/55 274/108/52
f 261/115/56 246/117/30 245/113/16
f 265/160/49 272/161/72 266/161/57
f 272/120/58 264/121/40 266/120/59
f 280/124/44 284/126/71 281/123/60
f 284/162/70 279/152/47 281/163/61
f 274/122/52 278/123/62 275/126/63
f 278/163/64 273/155/42 275/162/65
f 271/128/54 269/129/66 268/130/48
f 269/165/67 270/158/50 267/153/43
f 262/153/53 266/164/57 263/165/68
f 263/129/69 264/128/40 261/130/56
f 277/166/45 269/167/67 267/168/43
f 278/135/62 268/136/48 269/137/66
f 283/169/46 275/170/65 273/169/42
f 275/140/63 282/141/51 274/141/52
f 262/168/53 281/171/61 279/166/47
f 263/137/69 280/143/44 281/135/60
f 248/150/16 265/172/49 262/148/53
f 302/265/73 318/266/73 301/267/73
f 293/268/74 311/269/74 296/268/74
f 298/270/75 314/271/75 297/272/75
f 294/273/76 309/269/76 293/268/76
f 345/274/77 341/275/78 339/275/79
f 375/276/80 389/277/81 392/278/82
f 360/279/83 354/280/84 359/279/85
f 367/281/86 385/278/87 370/276/88
f 370/276/88 388/277/89 371/282/90
f 357/283/91 356/284/92 360/279/83
f 359/279/85 352/285/93 358/283/94
f 351/286/95 379/287/96 350/286/97
f 366/288/98 380/289/99 381/289/100
f 391/290/101 355/291/102 356/292/92
f 334/293/103 344/294/104 333/293/105
f 329/295/106 347/296/107 336/297/108
f 285/298/6 335/299/109 289/300/6
f 331/297/110 338/301/111 327/295/112
f 287/298/6 332/299/113 326/302/114
f 289/300/6 332/299/113 291/300/6
f 285/298/6 326/302/114 330/302/115
f 285/303/116 294/273/117 293/268/118
f 288/304/119 294/273/117 286/304/120
f 287/303/121 295/273/122 288/304/119
f 285/303/116 296/268/123 287/303/121
f 287/303/124 298/270/125 297/272/126
f 288/304/127 299/305/128 298/270/125
f 291/306/129 299/305/128 292/307/130
f 287/303/124 300/308/131 291/306/129
f 291/306/132 302/265/133 301/267/134
f 292/307/135 303/265/136 302/265/133
f 289/306/137 303/265/136 290/307/138
f 291/306/132 304/267/139 289/306/137
f 289/306/140 306/305/141 305/308/142
f 286/304/143 306/305/141 290/307/144
f 285/303/145 307/270/146 286/304/143
f 285/303/145 305/308/142 308/272/147
f 309/309/148 312/310/148 311/309/148
f 313/311/149 315/312/149 314/313/149
f 317/314/150 319/315/150 318/315/150
f 321/316/151 323/313/151 322/312/151
f 297/317/152 315/318/152 300/319/152
f 306/305/153 322/320/153 305/308/153
f 295/321/154 310/322/154 294/321/154
f 301/267/155 319/266/155 304/267/155
f 299/323/156 313/324/156 298/325/156
f 305/319/157 323/326/157 308/317/157
f 295/273/158 311/269/158 312/327/158
f 303/328/159 317/329/159 302/328/159
f 299/305/160 315/320/160 316/330/160
f 307/325/161 321/331/161 306/323/161
f 303/265/162 319/266/162 320/332/162
f 307/270/163 323/271/163 324/333/163
f 357/283/91 359/279/85 358/283/94
f 362/281/164 392/278/82 377/334/165
f 367/281/86 381/289/100 384/334/166
f 371/282/90 389/277/81 374/282/167
f 325/335/168 326/336/114 327/337/112
f 328/335/169 329/337/106 330/336/115
f 331/338/110 332/339/113 333/340/105
f 334/340/103 335/339/109 336/338/108
f 337/341/170 338/342/111 339/343/79
f 340/341/171 341/343/78 342/342/172
f 343/344/173 344/345/104 345/346/77
f 346/345/174 347/344/107 348/346/175
f 328/335/169 326/336/114 325/335/168
f 327/337/112 332/339/113 331/338/110
f 333/340/105 335/339/109 334/340/103
f 336/338/108 330/336/115 329/337/106
f 341/343/78 337/341/170 339/343/79
f 339/343/79 343/344/173 345/346/77
f 348/346/175 344/345/104 346/345/174
f 341/343/78 347/344/107 342/342/172
f 340/347/171 329/295/106 328/348/169
f 346/294/174 336/297/108 347/296/107
f 344/294/104 331/297/110 333/293/105
f 337/347/170 327/295/112 338/301/111
f 325/348/168 340/347/171 328/348/169
f 386/290/176 354/291/84 387/349/177
f 383/350/178 351/286/95 352/351/93
f 361/352/179 364/353/180 286/354/1
f 364/353/180 288/354/1 286/354/1
f 288/354/1 369/355/181 292/356/1
f 372/357/182 290/356/1 292/356/1
f 378/350/183 350/286/97 379/287/96
f 369/355/181 372/357/182 292/356/1
f 373/357/184 376/355/185 290/356/1
f 376/355/185 286/354/1 290/356/1
f 365/353/186 368/352/187 288/354/1
f 355/291/102 387/349/177 354/291/84
f 353/292/188 383/350/178 352/351/93
f 349/351/189 391/290/101 356/292/92
f 358/283/94 352/285/93 351/358/95
f 349/285/189 357/283/91 350/358/97
f 355/280/102 360/279/83 356/284/92
f 359/279/85 354/280/84 353/284/188
f 351/358/95 357/283/91 358/283/94
f 362/359/164 364/360/180 361/361/179
f 367/359/86 365/360/186 366/362/98
f 370/363/88 372/364/182 369/365/181
f 375/363/80 373/364/184 374/366/167
f 387/367/177 385/368/87 386/369/176
f 390/367/190 392/368/82 389/370/81
f 379/371/96 377/372/165 378/373/183
f 382/371/191 384/372/166 381/374/100
f 380/374/99 382/371/191 381/374/100
f 392/368/82 378/373/183 377/372/165
f 384/372/166 386/369/176 385/368/87
f 389/370/81 387/367/177 390/367/190
f 366/362/98 364/360/180 363/362/192
f 376/365/185 362/359/164 361/361/179
f 367/359/86 369/365/181 368/361/187
f 374/366/167 372/364/182 371/366/90
f 362/281/164 380/289/99 363/288/192
f 399/375/12 402/376/12 393/376/12
f 395/377/14 400/378/14 399/375/14
f 394/377/12 399/375/12 393/376/12
f 400/378/13 397/379/13 396/380/13
f 403/380/13 400/378/13 396/380/13
f 400/378/6 401/375/6 399/375/6
f 402/376/1 396/380/1 393/376/1
f 397/379/11 393/376/11 396/380/11
f 422/265/73 438/266/73 421/267/73
f 413/268/74 431/269/74 416/268/74
f 418/270/75 434/271/75 417/272/75
f 414/273/76 429/269/76 413/268/76
f 465/274/77 461/275/78 459/275/79
f 495/276/80 509/277/81 512/278/82
f 480/279/83 474/280/84 479/279/85
f 490/276/88 504/334/166 505/278/87
f 490/276/88 508/277/89 491/282/90
f 477/283/91 476/284/92 480/279/83
f 479/279/85 472/285/93 478/283/94
f 471/286/95 499/287/96 470/286/97
f 486/288/98 500/289/99 501/289/100
f 511/290/101 475/291/102 476/292/92
f 454/293/193 464/294/194 453/293/105
f 456/297/108 462/301/195 467/296/107
f 405/298/6 455/299/109 409/300/6
f 451/297/110 458/301/111 447/295/112
f 407/298/6 452/299/113 446/302/114
f 409/300/6 452/299/113 411/300/6
f 405/298/6 446/302/114 450/302/115
f 405/303/116 414/273/117 413/268/118
f 408/304/119 414/273/117 406/304/120
f 407/303/121 415/273/122 408/304/119
f 405/303/116 416/268/123 407/303/121
f 407/303/124 418/270/125 417/272/126
f 412/307/130 418/270/125 408/304/127
f 411/306/129 419/305/128 412/307/130
f 407/303/124 420/308/131 411/306/129
f 411/306/132 422/265/133 421/267/134
f 412/307/135 423/265/136 422/265/133
f 409/306/137 423/265/136 410/307/138
f 411/306/132 424/267/139 409/306/137
f 409/306/140 426/305/141 425/308/142
f 410/307/144 427/270/146 426/305/141
f 405/303/145 427/270/146 406/304/143
f 405/303/145 425/308/142 428/272/147
f 429/309/148 432/310/148 431/309/148
f 433/311/149 435/312/149 434/313/149
f 437/314/150 439/315/150 438/315/150
f 442/312/151 444/311/151 443/313/151
f 417/317/196 435/318/152 420/319/152
f 426/305/153 442/320/153 425/308/153
f 415/321/197 430/322/197 414/321/197
f 421/267/155 439/266/155 424/267/155
f 419/323/156 433/324/156 418/325/156
f 425/319/198 443/326/157 428/317/157
f 415/273/158 431/269/158 432/327/158
f 423/328/159 437/329/159 422/328/159
f 419/305/160 435/320/160 436/330/160
f 427/325/161 441/331/161 426/323/161
f 423/265/162 439/266/162 440/332/162
f 427/270/163 443/271/163 444/333/199
f 477/283/91 479/279/85 478/283/94
f 495/276/80 497/334/165 482/281/164
f 487/281/86 501/289/100 504/334/166
f 491/282/90 509/277/81 494/282/167
f 445/335/200 446/336/114 447/337/112
f 448/335/169 449/337/201 450/336/115
f 451/338/110 452/339/113 453/340/105
f 454/340/193 455/339/109 456/338/108
f 457/341/202 458/342/111 459/343/79
f 460/341/171 461/343/78 462/342/195
f 463/344/203 464/345/194 465/346/77
f 466/345/204 467/344/107 468/346/175
f 448/335/169 446/336/114 445/335/200
f 451/338/110 446/336/114 452/339/113
f 454/340/193 452/339/113 455/339/109
f 456/338/108 450/336/115 449/337/201
f 461/343/78 457/341/202 459/343/79
f 459/343/79 463/344/203 465/346/77
f 468/346/175 464/345/194 466/345/204
f 468/346/175 462/342/195 461/343/78
f 460/347/171 449/295/201 448/348/169
f 466/294/204 456/297/108 467/296/107
f 464/294/194 451/297/110 453/293/105
f 457/347/202 447/295/112 458/301/111
f 445/348/200 460/347/171 448/348/169
f 506/290/176 474/291/84 507/349/177
f 503/350/205 471/286/95 472/351/93
f 481/352/179 484/353/180 406/354/1
f 484/353/180 408/354/1 406/354/1
f 408/354/1 489/355/181 412/356/1
f 492/357/182 410/356/1 412/356/1
f 498/350/206 470/286/97 499/287/96
f 489/355/181 492/357/182 412/356/1
f 493/357/184 496/355/185 410/356/1
f 496/355/185 406/354/1 410/356/1
f 485/353/186 488/352/187 408/354/1
f 475/291/102 507/349/177 474/291/84
f 506/290/176 472/351/93 473/292/188
f 498/350/206 476/292/92 469/351/189
f 478/283/94 472/285/93 471/358/95
f 469/285/189 477/283/91 470/358/97
f 475/280/102 480/279/83 476/284/92
f 479/279/85 474/280/84 473/284/188
f 470/358/97 478/283/94 471/358/95
f 482/359/164 484/360/180 481/361/179
f 487/359/86 485/360/186 486/362/98
f 490/363/88 492/364/182 489/365/181
f 495/363/80 493/364/184 494/366/167
f 507/367/177 505/368/87 506/369/176
f 510/367/190 512/368/82 509/370/81
f 499/371/96 497/372/165 498/373/206
f 502/371/191 504/372/166 501/374/100
f 500/374/99 502/371/191 501/374/100
f 497/372/165 511/369/101 498/373/206
f 504/372/166 506/369/176 505/368/87
f 509/370/81 507/367/177 510/367/190
f 486/362/98 484/360/180 483/362/192
f 496/365/185 482/359/164 481/361/179
f 487/359/86 489/365/181 488/361/187
f 494/366/167 492/364/182 491/366/90
f 482/281/164 500/289/99 483/288/192
f 519/375/12 522/376/12 513/376/12
f 515/377/14 520/378/14 519/375/14
f 514/377/12 519/375/12 513/376/12
f 520/378/13 517/379/13 516/380/13
f 523/380/13 520/378/13 516/380/13
f 520/378/6 521/375/6 519/375/6
f 522/376/1 516/380/1 513/376/1
f 517/379/11 513/376/11 516/380/11
f 544/87/40 529/88/41 526/88/30
f 553/173/42 540/174/39 539/175/27
f 547/176/43 532/177/41 531/178/25
f 560/95/44 525/96/16 534/97/19
f 531/179/25 557/180/45 547/181/43
f 539/182/27 563/183/46 553/183/42
f 559/184/47 536/175/22 535/174/19
f 548/104/48 537/97/39 530/96/25
f 527/185/30 550/186/50 545/186/49
f 534/107/19 562/108/51 560/109/44
f 554/110/52 533/111/22 538/111/27
f 535/187/19 542/181/53 559/180/47
f 530/113/25 551/114/54 548/115/48
f 538/116/27 556/109/55 554/108/52
f 541/115/56 526/117/30 525/113/16
f 545/188/49 552/189/72 546/189/57
f 552/120/58 544/121/40 546/120/59
f 562/122/51 561/123/60 560/124/44
f 564/190/70 559/180/47 561/191/61
f 554/122/52 558/123/62 555/126/63
f 558/191/64 553/183/42 555/190/65
f 551/128/54 549/129/66 548/130/48
f 549/192/67 550/186/50 547/181/43
f 542/181/53 546/193/57 543/192/68
f 546/194/59 541/130/56 543/129/69
f 557/195/45 549/196/67 547/197/43
f 558/135/62 548/136/48 549/137/66
f 563/198/46 555/199/65 553/198/42
f 555/140/63 562/141/51 554/141/52
f 542/197/53 561/200/61 559/195/47
f 543/137/69 560/143/44 561/135/60
f 528/178/16 545/201/49 542/176/53
f 566/381/12 565/382/12 567/381/12
f 565/382/11 569/383/11 567/381/11
f 580/384/14 575/385/14 568/383/14
f 571/386/13 573/387/13 574/387/13
f 579/388/11 574/387/11 576/385/11
f 572/388/13 576/385/13 575/385/13
f 573/387/11 577/382/11 566/381/11
f 569/383/12 580/384/12 568/383/12
f 600/384/11 593/384/11 594/384/11
f 599/388/13 601/388/13 598/388/13
f 596/384/12 597/384/12 595/384/12
f 593/389/11 584/13/11 585/11/11
f 594/390/11 585/11/11 583/10/11
f 596/19/12 588/5/12 586/5/12
f 596/19/12 589/7/12 597/391/12
f 597/391/12 589/7/12 590/7/12
f 595/19/12 590/7/12 588/5/12
f 599/18/13 591/2/13 587/4/13
f 598/392/13 592/2/13 591/2/13
f 594/390/11 581/12/11 600/393/11
f 599/18/13 582/4/13 601/18/13
f 600/393/11 584/13/11 593/389/11
f 601/18/13 592/2/13 598/392/13
f 700/394/207 1706/395/208 1705/396/209
f 702/397/210 1707/398/211 1706/395/208
f 704/399/212 1708/400/213 1707/398/211
f 706/401/214 1709/402/215 1708/400/213
f 708/403/216 1710/404/217 1709/402/215
f 710/405/218 1711/406/219 1710/404/217
f 712/407/220 1712/408/221 1711/406/219
f 714/409/222 1713/410/223 1712/408/221
f 716/411/224 1714/412/225 1713/410/223
f 696/413/226 1704/414/227 1703/415/228
f 698/416/229 1705/396/209 1704/414/227
f 725/417/207 686/418/208 685/419/209
f 727/420/210 687/421/211 686/418/208
f 729/422/212 688/423/213 687/421/211
f 731/424/214 689/425/215 688/423/213
f 733/426/216 690/427/217 689/425/215
f 735/428/218 691/429/219 690/427/217
f 737/430/220 692/431/221 691/429/219
f 739/432/222 693/433/223 692/431/221
f 741/434/224 694/435/225 693/433/223
f 721/436/226 684/437/227 683/438/228
f 723/439/229 685/419/209 684/437/227
f 696/440/226 699/441/230 698/442/229
f 697/443/231 758/444/232 699/441/230
f 698/442/229 701/445/233 700/446/207
f 699/441/230 759/447/234 701/445/233
f 700/446/207 703/448/235 702/449/210
f 701/445/233 760/450/236 703/448/235
f 702/449/210 705/451/237 704/452/212
f 703/448/235 761/453/238 705/451/237
f 704/452/212 707/454/239 706/455/214
f 705/451/237 762/456/240 707/454/239
f 706/455/214 709/457/241 708/458/216
f 707/454/239 763/459/242 709/457/241
f 710/460/218 709/457/241 711/461/243
f 711/461/243 763/459/242 764/462/244
f 712/463/220 711/461/243 713/464/245
f 713/464/245 764/462/244 765/465/246
f 714/466/222 713/464/245 715/467/247
f 715/467/247 765/465/246 766/468/248
f 716/469/224 715/467/247 717/470/249
f 717/470/249 766/468/248 767/471/250
f 718/472/251 717/470/249 719/473/252
f 719/473/252 767/471/250 768/474/253
f 721/475/226 724/476/230 723/477/229
f 722/478/231 746/479/232 724/476/230
f 723/477/229 726/480/233 725/481/207
f 724/476/230 747/482/234 726/480/233
f 725/481/207 728/483/235 727/484/210
f 726/480/233 748/485/236 728/483/235
f 727/484/210 730/486/237 729/487/212
f 728/483/235 749/488/238 730/486/237
f 729/487/212 732/489/239 731/490/214
f 730/486/237 750/491/240 732/489/239
f 731/490/214 734/492/241 733/493/216
f 732/489/239 751/494/242 734/492/241
f 735/495/218 734/492/241 736/496/243
f 736/496/243 751/494/242 752/497/244
f 737/498/220 736/496/243 738/499/245
f 738/499/245 752/497/244 753/500/246
f 739/501/222 738/499/245 740/502/247
f 740/502/247 753/500/246 754/503/248
f 741/504/224 740/502/247 742/505/249
f 742/505/249 754/503/248 755/506/250
f 743/507/251 742/505/249 744/508/252
f 744/508/252 755/506/250 756/509/253
f 720/510/6 746/511/232 745/512/254
f 720/510/6 747/513/234 746/511/232
f 720/510/6 748/514/236 747/513/234
f 720/510/6 749/515/238 748/514/236
f 720/510/6 750/516/240 749/515/238
f 720/510/6 751/517/242 750/516/240
f 720/510/6 752/518/244 751/517/242
f 720/510/6 753/519/246 752/518/244
f 720/510/6 754/520/248 753/519/246
f 720/510/6 755/521/250 754/520/248
f 720/510/6 756/522/253 755/521/250
f 695/523/6 758/524/232 757/525/254
f 695/523/6 759/526/234 758/524/232
f 695/523/6 760/527/236 759/526/234
f 695/523/6 761/528/238 760/527/236
f 695/523/6 762/529/240 761/528/238
f 695/523/6 763/530/242 762/529/240
f 695/523/6 764/531/244 763/530/242
f 695/523/6 765/532/246 764/531/244
f 695/523/6 766/533/248 765/532/246
f 695/523/6 767/534/250 766/533/248
f 695/523/6 768/535/253 767/534/250
f 722/478/231 783/536/255 745/536/254
f 1703/415/228 774/413/256 696/413/226
f 768/474/253 777/473/257 719/473/252
f 743/537/251 772/435/12 694/435/225
f 745/512/254 778/510/6 720/510/6
f 697/443/231 785/538/255 757/538/254
f 744/508/252 781/507/258 743/507/251
f 695/523/6 786/535/259 768/535/253
f 718/539/251 770/412/12 1714/412/225
f 721/475/226 780/478/260 722/478/231
f 683/438/228 779/436/256 721/436/226
f 719/473/252 776/472/258 718/472/251
f 720/510/6 784/522/259 756/522/253
f 756/509/253 782/508/257 744/508/252
f 757/525/254 773/523/6 695/523/6
f 696/440/226 775/443/260 697/443/231
f 805/540/27 799/541/22 804/542/27
f 809/543/19 791/544/11 808/544/19
f 790/545/14 803/546/39 789/546/14
f 813/547/27 807/548/22 812/549/27
f 794/550/14 811/551/39 793/551/14
f 797/552/13 796/553/13 795/554/13
f 802/555/22 800/556/19 799/541/22
f 804/542/27 806/545/39 805/540/27
f 810/557/22 808/544/19 807/548/22
f 812/549/27 814/550/39 813/547/27
f 801/558/19 787/556/11 800/556/19
f 828/559/12 823/560/12 824/561/12
f 819/560/13 815/559/13 820/561/13
f 820/561/13 816/562/13 821/563/13
f 821/563/13 818/564/13 822/565/13
f 819/560/13 818/564/13 817/566/13
f 829/562/12 824/561/12 825/563/12
f 826/565/12 829/562/12 825/563/12
f 823/560/12 830/564/12 826/565/12
f 830/564/14 817/566/14 818/564/14
f 828/559/11 816/562/11 815/559/11
f 823/560/11 822/565/11 819/560/11
f 825/563/14 820/561/14 821/563/14
f 829/562/1 818/564/1 816/562/1
f 827/566/6 815/559/6 817/566/6
f 826/567/6 821/568/6 822/567/6
f 824/561/1 819/560/1 820/561/1
f 837/569/261 831/570/6 836/570/261
f 841/571/262 835/572/263 840/573/262
f 834/574/1 839/575/264 833/575/1
f 838/576/263 836/577/261 835/578/263
f 840/579/262 842/580/264 841/581/262
f 861/582/28 852/583/265 859/584/266
f 849/585/267 854/586/36 860/585/38
f 855/587/20 844/588/268 853/588/269
f 850/589/270 858/590/271 847/590/272
f 851/591/273 852/592/265 853/593/269
f 854/594/36 855/595/20 856/596/21
f 857/597/274 858/598/271 859/599/266
f 860/600/38 861/601/28 862/602/24
f 848/597/275 858/598/271 857/597/274
f 860/600/38 850/602/270 849/600/267
f 859/599/266 862/603/24 861/604/28
f 857/597/274 852/592/265 851/591/273
f 854/594/36 861/601/28 860/600/38
f 853/593/269 856/605/21 855/606/20
f 851/591/273 844/593/268 843/591/276
f 846/594/277 855/595/20 854/594/36
f 857/607/274 843/608/276 848/607/275
f 881/609/28 872/610/265 879/611/266
f 869/612/267 874/613/36 880/612/38
f 875/614/20 864/615/268 873/615/269
f 870/616/270 878/617/271 867/617/272
f 871/618/273 872/619/265 873/620/269
f 874/621/36 875/622/20 876/623/21
f 877/624/274 878/625/271 879/626/266
f 880/627/38 881/628/28 882/629/24
f 868/624/275 878/625/271 877/624/274
f 880/627/38 870/629/270 869/627/267
f 879/626/266 882/630/24 881/631/28
f 877/624/274 872/619/265 871/618/273
f 874/621/36 881/628/28 880/627/38
f 873/620/269 876/632/21 875/633/20
f 871/618/273 864/620/268 863/618/276
f 866/621/277 875/622/20 874/621/36
f 877/634/274 863/635/276 868/634/275
f 895/541/30 901/540/41 900/542/41
f 887/544/11 905/543/16 904/544/16
f 899/546/25 886/545/14 885/546/14
f 903/548/30 909/547/41 908/549/41
f 907/551/25 890/550/14 889/551/14
f 891/553/12 894/552/12 892/554/12
f 896/556/16 898/555/30 895/541/30
f 902/545/25 900/542/41 901/540/41
f 904/544/16 906/557/30 903/548/30
f 910/550/25 908/549/41 909/547/41
f 883/556/11 897/558/16 896/556/16
f 919/560/13 924/559/13 920/561/13
f 911/559/12 915/560/12 916/561/12
f 912/562/12 916/561/12 917/563/12
f 914/564/12 917/563/12 918/565/12
f 913/566/12 918/565/12 915/560/12
f 921/563/13 924/559/13 925/562/13
f 921/563/13 926/564/13 922/565/13
f 922/565/13 923/566/13 919/560/13
f 913/566/14 926/564/14 914/564/14
f 912/562/11 924/559/11 911/559/11
f 918/565/11 919/560/11 915/560/11
f 916/561/14 921/563/14 917/563/14
f 914/564/1 925/562/1 912/562/1
f 911/559/6 923/566/6 913/566/6
f 917/568/6 922/567/6 918/567/6
f 915/560/1 920/561/1 916/561/1
f 927/570/6 933/569/278 932/570/278
f 931/572/279 937/571/280 936/573/280
f 935/575/281 930/574/1 929/575/1
f 932/577/278 934/576/279 931/578/279
f 938/580/281 936/579/280 937/581/280
f 948/583/282 957/582/32 955/584/283
f 950/586/33 945/585/267 956/585/35
f 940/588/268 951/587/15 949/588/284
f 954/590/285 946/589/270 943/590/272
f 947/591/286 949/593/284 948/592/282
f 950/594/33 952/596/31 951/595/15
f 953/597/287 955/599/283 954/598/285
f 956/600/35 958/602/26 957/601/32
f 954/598/285 944/597/275 953/597/287
f 946/602/270 956/600/35 945/600/267
f 958/603/26 955/599/283 957/604/32
f 948/592/282 953/597/287 947/591/286
f 957/601/32 950/594/33 956/600/35
f 952/605/31 949/593/284 951/606/15
f 940/593/268 947/591/286 939/591/276
f 951/595/15 942/594/277 950/594/33
f 939/608/276 953/607/287 944/607/275
f 968/610/282 977/609/32 975/611/283
f 970/613/33 965/612/267 976/612/35
f 960/615/268 971/614/15 969/615/284
f 974/617/285 966/616/270 963/617/272
f 967/618/286 969/620/284 968/619/282
f 970/621/33 972/623/31 971/622/15
f 973/624/287 975/626/283 974/625/285
f 976/627/35 978/629/26 977/628/32
f 974/625/285 964/624/275 973/624/287
f 966/629/270 976/627/35 965/627/267
f 978/630/26 975/626/283 977/631/32
f 968/619/282 973/624/287 967/618/286
f 977/628/32 970/621/33 976/627/35
f 972/632/31 969/620/284 971/633/15
f 960/620/268 967/618/286 959/618/276
f 971/622/15 962/621/277 970/621/33
f 959/635/276 973/634/287 964/634/275
f 986/636/13 1004/637/13 982/638/13
f 987/639/12 1002/640/12 1007/641/12
f 979/642/288 1026/643/288 1053/644/288
f 988/645/289 1108/646/290 1022/647/291
f 989/648/289 1149/649/292 1023/650/291
f 1003/651/293 1152/652/294 1057/653/295
f 1012/654/296 1053/644/296 1032/655/296
f 985/656/289 1144/657/297 1065/658/298
f 1141/659/299 982/660/293 1029/661/300
f 983/662/288 1150/663/301 1068/664/302
f 988/665/288 1110/666/301 1080/667/302
f 1060/668/13 1059/669/13 1061/670/13
f 985/671/288 1146/672/301 1028/673/288
f 1111/674/290 987/675/289 1081/676/298
f 981/677/288 1137/678/301 1026/679/288
f 1066/680/13 1065/681/13 1067/682/13
f 997/639/12 1001/640/12 993/683/12
f 1016/684/13 994/685/13 1000/686/13
f 998/687/303 1101/676/304 997/675/303
f 1078/688/13 1077/689/13 1079/690/13
f 1098/680/13 1099/681/13 1000/686/13
f 999/656/303 1089/691/304 996/645/303
f 1006/660/305 1083/692/306 993/651/305
f 1095/668/13 1096/669/13 998/636/13
f 982/693/293 1006/693/305 1029/694/300
f 1042/695/307 1108/696/290 1131/696/308
f 1104/697/309 996/665/310 1102/667/309
f 1092/698/309 992/662/310 1087/664/309
f 1092/699/13 1093/700/13 994/685/13
f 993/683/12 1002/640/12 1003/683/12
f 1004/637/13 1006/638/13 982/638/13
f 1000/701/303 1086/702/304 995/648/303
f 1147/703/311 986/687/289 1027/704/312
f 984/701/289 1138/705/311 1062/706/298
f 1068/707/12 1069/708/12 983/709/12
f 992/709/12 995/710/12 1086/708/12
f 994/711/310 990/712/310 992/713/310
f 995/710/12 996/714/12 1089/715/12
f 997/639/12 993/683/12 1083/716/12
f 1104/688/13 1105/689/13 999/717/13
f 1098/718/309 995/719/310 1090/720/309
f 1005/721/313 1004/721/314 1055/722/315
f 993/723/305 1029/694/300 1006/693/305
f 1004/721/314 1030/724/296 1055/722/315
f 1010/725/296 1031/726/296 1030/724/296
f 1011/727/296 1032/655/296 1031/726/296
f 996/714/12 1013/641/12 997/639/12
f 1014/728/12 995/710/12 1015/729/12
f 1015/729/12 992/709/12 990/730/12
f 983/709/12 1009/729/12 980/730/12
f 989/710/12 1008/728/12 1009/729/12
f 988/714/12 1007/641/12 1008/728/12
f 1008/731/296 1025/732/296 1009/733/296
f 1007/734/296 1024/735/296 1008/731/296
f 1002/736/314 1058/737/296 1007/734/296
f 993/723/305 1003/723/293 1057/738/295
f 1001/736/313 1018/725/316 1005/721/313
f 989/719/288 1107/739/301 1074/720/302
f 1015/733/316 991/642/316 1016/654/316
f 1080/740/12 1081/741/12 988/714/12
f 987/742/288 1153/743/317 1071/744/318
f 1095/745/319 997/742/310 1084/744/319
f 1071/746/12 1072/716/12 987/639/12
f 1009/733/296 1019/747/296 980/712/296
f 1074/748/12 1075/715/12 989/710/12
f 980/712/288 1020/749/288 983/713/288
f 984/750/288 1143/751/301 1054/752/288
f 1063/699/13 1062/700/13 1064/753/13
f 1005/721/313 1056/754/320 1001/736/313
f 1013/734/316 1017/727/316 1018/725/316
f 1014/731/316 1016/654/316 1017/727/316
f 996/714/12 997/639/12 1101/741/12
f 1002/736/314 1001/736/313 1056/754/320
f 1035/704/11 1045/755/11 1047/756/11
f 1036/757/321 1144/758/297 1028/757/312
f 1046/694/322 1141/759/299 1029/694/300
f 1034/760/323 1137/761/324 1113/761/325
f 1036/762/323 1146/763/324 1122/763/325
f 1043/764/11 1044/765/11 1040/653/11
f 1042/647/11 1043/764/11 1134/674/11
f 1040/738/326 1152/766/294 1125/766/327
f 1039/767/328 1150/768/329 1020/767/328
f 1044/765/11 1046/661/11 1040/653/11
f 1147/769/311 1035/770/321 1123/769/330
f 1113/771/11 1114/705/11 1034/772/11
f 1052/773/331 1019/774/331 1025/773/331
f 1057/775/295 1046/776/322 1029/776/300
f 1044/777/332 1058/778/331 1056/777/320
f 1050/778/331 1024/779/331 1058/778/331
f 1051/779/331 1025/773/331 1024/779/331
f 1042/647/11 1050/780/11 1043/764/11
f 1051/781/11 1041/650/11 1052/782/11
f 1052/782/11 1039/783/11 1038/784/11
f 1034/772/11 1049/785/11 1033/786/11
f 1037/787/11 1048/788/11 1049/785/11
f 1036/789/11 1047/756/11 1048/788/11
f 1048/790/333 1032/791/333 1049/791/333
f 1047/792/333 1031/790/333 1048/790/333
f 1045/793/334 1030/792/333 1047/792/333
f 1044/777/332 1055/793/315 1045/793/334
f 1042/794/328 1110/795/329 1022/794/328
f 1041/650/11 1042/647/11 1131/646/11
f 1037/796/321 1138/797/311 1054/796/312
f 1043/764/11 1040/653/11 1125/652/11
f 1043/798/307 1111/799/290 1134/799/308
f 1038/774/328 1020/800/328 1019/774/328
f 1037/801/323 1143/802/324 1119/802/325
f 1039/783/11 1041/650/11 1128/649/11
f 1041/803/307 1149/804/292 1128/804/308
f 1041/805/328 1107/806/329 1023/805/328
f 1122/807/11 1123/703/11 1036/789/11
f 1035/808/323 1140/809/335 1116/809/336
f 1043/810/328 1153/811/337 1021/810/328
f 1116/812/11 1117/659/11 1035/704/11
f 1049/791/333 1053/813/333 1033/813/333
f 1119/814/11 1120/657/11 1037/787/11
f 1033/813/323 1026/815/323 1034/815/323
f 985/717/13 1010/816/13 986/636/13
f 1011/817/13 984/686/13 1012/684/13
f 1012/684/13 981/685/13 979/818/13
f 1005/637/13 998/636/13 1006/638/13
f 1018/816/13 999/717/13 998/636/13
f 1017/817/13 1000/686/13 999/717/13
f 1074/748/302 1109/819/338 1076/820/338
f 1109/821/339 1075/822/298 1076/823/339
f 1080/740/302 1112/824/338 1082/825/340
f 1112/826/339 1081/827/298 1082/828/341
f 1087/707/309 1094/753/342 1092/699/309
f 1088/829/343 1093/830/304 1094/831/343
f 1084/746/319 1097/670/344 1095/668/319
f 1085/832/345 1096/833/306 1097/834/345
f 1090/748/309 1100/682/346 1098/680/309
f 1091/823/343 1099/835/304 1100/836/343
f 1102/740/309 1106/690/342 1104/688/309
f 1103/828/343 1105/837/304 1106/838/343
f 1129/839/347 1151/840/348 1150/839/329
f 1151/841/349 1128/842/308 1149/842/292
f 1126/843/350 1154/844/351 1153/843/337
f 1154/845/352 1125/846/327 1152/846/294
f 1113/847/325 1139/848/353 1115/848/354
f 1139/849/355 1114/850/330 1115/849/356
f 1116/812/336 1142/851/357 1118/851/357
f 1142/852/358 1117/853/359 1118/852/358
f 1119/814/325 1145/854/354 1121/854/354
f 1145/855/355 1120/856/330 1121/855/355
f 1122/807/325 1148/857/353 1124/857/353
f 1148/858/355 1123/859/330 1124/858/355
f 1063/860/302 1139/861/338 1137/771/301
f 1139/862/339 1062/830/298 1138/863/311
f 1060/668/318 1142/864/360 1140/865/317
f 1142/866/361 1059/833/362 1141/867/299
f 1066/680/302 1145/868/338 1143/869/301
f 1145/870/339 1065/835/298 1144/871/297
f 1078/688/302 1148/872/338 1146/873/301
f 1148/874/339 1077/837/298 1147/875/311
f 1068/707/302 1151/876/338 1070/877/338
f 1151/878/339 1069/879/298 1070/829/339
f 1071/746/318 1154/880/360 1073/881/360
f 1154/882/361 1072/883/362 1073/832/361
f 1132/884/347 1109/885/348 1107/884/329
f 1109/886/349 1131/887/308 1108/887/290
f 1135/888/347 1112/889/363 1110/888/329
f 1112/890/349 1134/891/308 1111/891/290
f 986/892/288 1140/893/317 1027/894/288
f 985/717/13 986/636/13 1077/689/13
f 984/686/13 985/717/13 1065/681/13
f 981/685/13 984/686/13 1062/700/13
f 1000/686/13 994/685/13 1093/700/13
f 1006/638/13 998/636/13 1096/669/13
f 998/636/13 999/717/13 1105/689/13
f 999/717/13 1000/686/13 1099/681/13
f 986/636/13 982/638/13 1059/669/13
f 1087/707/12 1086/708/12 1088/877/12
f 1090/748/12 1089/715/12 1091/820/12
f 1102/740/12 1101/741/12 1103/825/12
f 1084/746/12 1083/716/12 1085/881/12
f 1046/661/11 1035/704/11 1117/659/11
f 1035/704/11 1036/789/11 1123/703/11
f 1036/789/11 1037/787/11 1120/657/11
f 1037/787/11 1034/772/11 1114/705/11
f 1126/843/11 1125/652/11 1127/844/11
f 1135/888/11 1134/674/11 1136/889/11
f 1132/884/11 1131/646/11 1133/885/11
f 1129/839/11 1128/649/11 1130/840/11
f 989/710/12 983/709/12 1069/708/12
f 988/714/12 989/710/12 1075/715/12
f 987/639/12 988/714/12 1081/741/12
f 1003/683/12 987/639/12 1072/716/12
f 1170/895/281 1158/896/273 1157/895/286
f 1159/897/269 1163/898/15 1156/899/284
f 1172/900/262 1164/901/21 1160/900/265
f 1174/902/261 1162/903/33 1166/902/36
f 1155/904/282 1157/905/286 1156/906/284
f 1158/907/273 1160/908/265 1159/909/269
f 1161/910/31 1163/911/15 1162/912/33
f 1164/913/21 1166/914/36 1165/915/20
f 1161/916/31 1156/917/284 1163/918/15
f 1157/905/286 1159/909/269 1156/906/284
f 1160/919/265 1165/920/20 1159/921/269
f 1166/914/36 1163/911/15 1165/915/20
f 1155/904/282 1170/905/281 1157/905/286
f 1168/910/279 1162/912/33 1167/912/278
f 1174/914/261 1164/913/21 1173/913/263
f 1158/907/273 1172/908/262 1160/908/265
f 1168/922/279 1155/923/282 1161/922/31
f 1190/895/281 1178/896/273 1177/895/286
f 1179/897/269 1183/898/15 1176/899/284
f 1192/900/262 1184/901/21 1180/900/265
f 1194/902/261 1182/903/33 1186/902/36
f 1175/904/282 1177/905/286 1176/906/284
f 1178/907/273 1180/908/265 1179/909/269
f 1181/910/31 1183/911/15 1182/912/33
f 1184/913/21 1186/914/36 1185/915/20
f 1181/916/31 1176/917/284 1183/918/15
f 1177/905/286 1179/909/269 1176/906/284
f 1180/919/265 1185/920/20 1179/921/269
f 1186/914/36 1183/911/15 1185/915/20
f 1175/904/282 1190/905/281 1177/905/286
f 1188/910/279 1182/912/33 1187/912/278
f 1194/914/261 1184/913/21 1193/913/263
f 1178/907/273 1192/908/262 1180/908/265
f 1188/922/279 1175/923/282 1181/922/31
f 1210/895/281 1198/896/273 1197/895/286
f 1199/897/269 1203/898/15 1196/899/284
f 1212/900/262 1204/901/21 1200/900/265
f 1214/902/261 1202/903/33 1206/902/36
f 1195/904/282 1197/905/286 1196/906/284
f 1198/907/273 1200/908/265 1199/909/269
f 1201/910/31 1203/911/15 1202/912/33
f 1204/913/21 1206/914/36 1205/915/20
f 1201/916/31 1196/917/284 1203/918/15
f 1197/905/286 1199/909/269 1196/906/284
f 1200/919/265 1205/920/20 1199/921/269
f 1206/914/36 1203/911/15 1205/915/20
f 1195/904/282 1210/905/281 1197/905/286
f 1208/910/279 1202/912/33 1207/912/278
f 1214/914/261 1204/913/21 1213/913/263
f 1198/907/273 1212/908/262 1200/908/265
f 1208/922/279 1195/923/282 1201/922/31
f 1230/895/281 1218/896/273 1217/895/286
f 1219/897/269 1223/898/15 1216/899/284
f 1232/900/262 1224/901/21 1220/900/265
f 1234/902/261 1222/903/33 1226/902/36
f 1215/904/282 1217/905/286 1216/906/284
f 1218/907/273 1220/908/265 1219/909/269
f 1221/910/31 1223/911/15 1222/912/33
f 1224/913/21 1226/914/36 1225/915/20
f 1221/916/31 1216/917/284 1223/918/15
f 1217/905/286 1219/909/269 1216/906/284
f 1220/919/265 1225/920/20 1219/921/269
f 1226/914/36 1223/911/15 1225/915/20
f 1215/904/282 1230/905/281 1217/905/286
f 1228/910/279 1222/912/33 1227/912/278
f 1234/914/261 1224/913/21 1233/913/263
f 1218/907/273 1232/908/262 1220/908/265
f 1228/922/279 1215/923/282 1221/922/31
f 1250/895/276 1238/896/274 1237/895/273
f 1239/897/266 1243/898/21 1236/899/265
f 1252/900/272 1244/901/24 1240/900/271
f 1254/902/267 1242/903/36 1246/902/38
f 1235/904/269 1237/905/273 1236/906/265
f 1238/907/274 1240/908/271 1239/909/266
f 1241/910/20 1243/911/21 1242/912/36
f 1244/913/24 1246/914/38 1245/915/28
f 1241/916/20 1236/917/265 1243/918/21
f 1237/905/273 1239/909/266 1236/906/265
f 1240/919/271 1245/920/28 1239/921/266
f 1246/914/38 1243/911/21 1245/915/28
f 1235/904/269 1250/905/276 1237/905/273
f 1248/910/364 1242/912/36 1247/912/277
f 1254/914/267 1244/913/24 1253/913/270
f 1238/907/274 1252/908/272 1240/908/271
f 1248/922/364 1235/923/269 1241/922/20
f 1270/895/276 1258/896/274 1257/895/273
f 1259/897/266 1263/898/21 1256/899/265
f 1272/900/272 1264/901/24 1260/900/271
f 1274/902/267 1262/903/36 1266/902/38
f 1255/904/269 1257/905/273 1256/906/265
f 1258/907/274 1260/908/271 1259/909/266
f 1261/910/20 1263/911/21 1262/912/36
f 1264/913/24 1266/914/38 1265/915/28
f 1261/916/20 1256/917/265 1263/918/21
f 1257/905/273 1259/909/266 1256/906/265
f 1260/919/271 1265/920/28 1259/921/266
f 1266/914/38 1263/911/21 1265/915/28
f 1255/904/269 1270/905/276 1257/905/273
f 1268/910/364 1262/912/36 1267/912/277
f 1274/914/267 1264/913/24 1273/913/270
f 1258/907/274 1272/908/272 1260/908/271
f 1268/922/364 1255/923/269 1261/922/20
f 1290/895/276 1278/896/274 1277/895/273
f 1279/897/266 1283/898/21 1276/899/265
f 1292/900/272 1284/901/24 1280/900/271
f 1294/902/267 1282/903/36 1286/902/38
f 1275/904/269 1277/905/273 1276/906/265
f 1278/907/274 1280/908/271 1279/909/266
f 1281/910/20 1283/911/21 1282/912/36
f 1284/913/24 1286/914/38 1285/915/28
f 1281/916/20 1276/917/265 1283/918/21
f 1276/906/265 1278/907/274 1279/909/266
f 1280/919/271 1285/920/28 1279/921/266
f 1286/914/38 1283/911/21 1285/915/28
f 1275/904/269 1290/905/276 1277/905/273
f 1288/910/364 1282/912/36 1287/912/277
f 1294/914/267 1284/913/24 1293/913/270
f 1278/907/274 1292/908/272 1280/908/271
f 1288/922/364 1275/923/269 1281/922/20
f 1310/895/276 1298/896/274 1297/895/273
f 1299/897/266 1303/898/21 1296/899/265
f 1312/900/272 1304/901/24 1300/900/271
f 1314/902/267 1302/903/36 1306/902/38
f 1295/904/269 1297/905/273 1296/906/265
f 1298/907/274 1300/908/271 1299/909/266
f 1301/910/20 1303/911/21 1302/912/36
f 1304/913/24 1306/914/38 1305/915/28
f 1301/916/20 1296/917/265 1303/918/21
f 1296/906/265 1298/907/274 1299/909/266
f 1300/919/271 1305/920/28 1299/921/266
f 1305/915/28 1302/912/36 1303/911/21
f 1295/904/269 1310/905/276 1297/905/273
f 1308/910/364 1302/912/36 1307/912/277
f 1314/914/267 1304/913/24 1313/913/270
f 1298/907/274 1312/908/272 1300/908/271
f 1308/922/364 1295/923/269 1301/922/20
f 1318/896/287 1330/895/276 1317/895/286
f 1323/898/31 1319/897/283 1316/899/282
f 1324/901/26 1332/900/272 1320/900/285
f 1322/903/33 1334/902/267 1326/902/35
f 1315/904/284 1316/906/282 1317/905/286
f 1318/907/287 1319/909/283 1320/908/285
f 1321/910/15 1322/912/33 1323/911/31
f 1324/913/26 1325/915/32 1326/914/35
f 1316/917/282 1321/916/15 1323/918/31
f 1319/909/283 1317/905/286 1316/906/282
f 1325/920/32 1320/919/285 1319/921/283
f 1323/911/31 1326/914/35 1325/915/32
f 1330/905/276 1315/904/284 1317/905/286
f 1322/912/33 1328/910/364 1327/912/277
f 1324/913/26 1334/914/267 1333/913/270
f 1332/908/272 1318/907/287 1320/908/285
f 1315/923/284 1328/922/364 1321/922/15
f 1338/896/287 1350/895/276 1337/895/286
f 1343/898/31 1339/897/283 1336/899/282
f 1344/901/26 1352/900/272 1340/900/285
f 1342/903/33 1354/902/267 1346/902/35
f 1335/904/284 1336/906/282 1337/905/286
f 1338/907/287 1339/909/283 1340/908/285
f 1341/910/15 1342/912/33 1343/911/31
f 1344/913/26 1345/915/32 1346/914/35
f 1336/917/282 1341/916/15 1343/918/31
f 1339/909/283 1337/905/286 1336/906/282
f 1345/920/32 1340/919/285 1339/921/283
f 1343/911/31 1346/914/35 1345/915/32
f 1350/905/276 1335/904/284 1337/905/286
f 1342/912/33 1348/910/364 1347/912/277
f 1344/913/26 1354/914/267 1353/913/270
f 1352/908/272 1338/907/287 1340/908/285
f 1335/923/284 1348/922/364 1341/922/15
f 1358/896/287 1370/895/276 1357/895/286
f 1363/898/31 1359/897/283 1356/899/282
f 1364/901/26 1372/900/272 1360/900/285
f 1362/903/33 1374/902/267 1366/902/35
f 1355/904/284 1356/906/282 1357/905/286
f 1358/907/287 1359/909/283 1360/908/285
f 1361/910/15 1362/912/33 1363/911/31
f 1364/913/26 1365/915/32 1366/914/35
f 1356/917/282 1361/916/15 1363/918/31
f 1359/909/283 1357/905/286 1356/906/282
f 1365/920/32 1360/919/285 1359/921/283
f 1363/911/31 1366/914/35 1365/915/32
f 1370/905/276 1355/904/284 1357/905/286
f 1362/912/33 1368/910/364 1367/912/277
f 1364/913/26 1374/914/267 1373/913/270
f 1372/908/272 1358/907/287 1360/908/285
f 1355/923/284 1368/922/364 1361/922/15
f 1378/896/287 1390/895/276 1377/895/286
f 1383/898/31 1379/897/283 1376/899/282
f 1384/901/26 1392/900/272 1380/900/285
f 1382/903/33 1394/902/267 1386/902/35
f 1375/904/284 1376/906/282 1377/905/286
f 1378/907/287 1379/909/283 1380/908/285
f 1381/910/15 1382/912/33 1383/911/31
f 1384/913/26 1385/915/32 1386/914/35
f 1376/917/282 1381/916/15 1383/918/31
f 1376/906/282 1378/907/287 1377/905/286
f 1385/920/32 1380/919/285 1379/921/283
f 1385/915/32 1382/912/33 1386/914/35
f 1390/905/276 1375/904/284 1377/905/286
f 1382/912/33 1388/910/364 1387/912/277
f 1384/913/26 1394/914/267 1393/913/270
f 1392/908/272 1378/907/287 1380/908/285
f 1375/923/284 1388/922/364 1381/922/15
f 1398/896/287 1410/895/276 1397/895/286
f 1403/898/31 1399/897/283 1396/899/282
f 1404/901/26 1412/900/272 1400/900/285
f 1402/903/33 1414/902/267 1406/902/35
f 1395/904/284 1396/906/282 1397/905/286
f 1398/907/287 1399/909/283 1400/908/285
f 1401/910/15 1402/912/33 1403/911/31
f 1404/913/26 1405/915/32 1406/914/35
f 1396/917/282 1401/916/15 1403/918/31
f 1399/909/283 1397/905/286 1396/906/282
f 1405/920/32 1400/919/285 1399/921/283
f 1403/911/31 1406/914/35 1405/915/32
f 1410/905/276 1395/904/284 1397/905/286
f 1402/912/33 1408/910/364 1407/912/277
f 1404/913/26 1414/914/267 1413/913/270
f 1412/908/272 1398/907/287 1400/908/285
f 1395/923/284 1408/922/364 1401/922/15
f 1418/896/274 1430/895/281 1417/895/287
f 1423/898/26 1419/897/271 1416/899/285
f 1424/901/28 1432/900/262 1420/900/266
f 1422/903/35 1434/902/261 1426/902/38
f 1415/904/283 1416/906/285 1417/905/287
f 1418/907/274 1419/909/271 1420/908/266
f 1421/910/32 1422/912/35 1423/911/26
f 1424/913/28 1425/915/24 1426/914/38
f 1416/917/285 1421/916/32 1423/918/26
f 1419/909/271 1417/905/287 1416/906/285
f 1425/920/24 1420/919/266 1419/921/271
f 1423/911/26 1426/914/38 1425/915/24
f 1430/905/281 1415/904/283 1417/905/287
f 1422/912/35 1428/910/279 1427/912/278
f 1424/913/28 1434/914/261 1433/913/263
f 1432/908/262 1418/907/274 1420/908/266
f 1415/923/283 1428/922/279 1421/922/32
f 1438/896/274 1450/895/281 1437/895/287
f 1443/898/26 1439/897/271 1436/899/285
f 1444/901/28 1452/900/262 1440/900/266
f 1442/903/35 1454/902/261 1446/902/38
f 1435/904/283 1436/906/285 1437/905/287
f 1438/907/274 1439/909/271 1440/908/266
f 1441/910/32 1442/912/35 1443/911/26
f 1444/913/28 1445/915/24 1446/914/38
f 1436/917/285 1441/916/32 1443/918/26
f 1439/909/271 1437/905/287 1436/906/285
f 1445/920/24 1440/919/266 1439/921/271
f 1443/911/26 1446/914/38 1445/915/24
f 1450/905/281 1435/904/283 1437/905/287
f 1442/912/35 1448/910/279 1447/912/278
f 1444/913/28 1454/914/261 1453/913/263
f 1452/908/262 1438/907/274 1440/908/266
f 1435/923/283 1448/922/279 1441/922/32
f 1458/896/274 1470/895/281 1457/895/287
f 1463/898/26 1459/897/271 1456/899/285
f 1464/901/28 1472/900/262 1460/900/266
f 1462/903/35 1474/902/261 1466/902/38
f 1455/904/283 1456/906/285 1457/905/287
f 1458/907/274 1459/909/271 1460/908/266
f 1461/910/32 1462/912/35 1463/911/26
f 1464/913/28 1465/915/24 1466/914/38
f 1456/917/285 1461/916/32 1463/918/26
f 1459/909/271 1457/905/287 1456/906/285
f 1465/920/24 1460/919/266 1459/921/271
f 1463/911/26 1466/914/38 1465/915/24
f 1470/905/281 1455/904/283 1457/905/287
f 1462/912/35 1468/910/279 1467/912/278
f 1464/913/28 1474/914/261 1473/913/263
f 1472/908/262 1458/907/274 1460/908/266
f 1455/923/283 1468/922/279 1461/922/32
f 1478/896/274 1490/895/281 1477/895/287
f 1483/898/26 1479/897/271 1476/899/285
f 1484/901/28 1492/900/262 1480/900/266
f 1482/903/35 1494/902/261 1486/902/38
f 1475/904/283 1476/906/285 1477/905/287
f 1478/907/274 1479/909/271 1480/908/266
f 1481/910/32 1482/912/35 1483/911/26
f 1484/913/28 1485/915/24 1486/914/38
f 1476/917/285 1481/916/32 1483/918/26
f 1479/909/271 1477/905/287 1476/906/285
f 1485/920/24 1480/919/266 1479/921/271
f 1483/911/26 1486/914/38 1485/915/24
f 1490/905/281 1475/904/283 1477/905/287
f 1482/912/35 1488/910/279 1487/912/278
f 1484/913/28 1494/914/261 1493/913/263
f 1492/908/262 1478/907/274 1480/908/266
f 1475/923/283 1488/922/279 1481/922/32
f 1498/896/274 1510/895/281 1497/895/287
f 1503/898/26 1499/897/271 1496/899/285
f 1504/901/28 1512/900/262 1500/900/266
f 1502/903/35 1514/902/261 1506/902/38
f 1495/904/283 1496/906/285 1497/905/287
f 1498/907/274 1499/909/271 1500/908/266
f 1501/910/32 1502/912/35 1503/911/26
f 1504/913/28 1505/915/24 1506/914/38
f 1496/917/285 1501/916/32 1503/918/26
f 1499/909/271 1497/905/287 1496/906/285
f 1505/920/24 1500/919/266 1499/921/271
f 1503/911/26 1506/914/38 1505/915/24
f 1510/905/281 1495/904/283 1497/905/287
f 1502/912/35 1508/910/279 1507/912/278
f 1504/913/28 1514/914/261 1513/913/263
f 1512/908/262 1498/907/274 1500/908/266
f 1495/923/283 1508/922/279 1501/922/32
f 1518/896/274 1530/895/281 1517/895/287
f 1523/898/26 1519/897/271 1516/899/285
f 1524/901/28 1532/900/262 1520/900/266
f 1522/903/35 1534/902/261 1526/902/38
f 1515/904/283 1516/906/285 1517/905/287
f 1518/907/274 1519/909/271 1520/908/266
f 1521/910/32 1522/912/35 1523/911/26
f 1524/913/28 1525/915/24 1526/914/38
f 1516/917/285 1521/916/32 1523/918/26
f 1519/909/271 1517/905/287 1516/906/285
f 1525/920/24 1520/919/266 1519/921/271
f 1523/911/26 1526/914/38 1525/915/24
f 1530/905/281 1515/904/283 1517/905/287
f 1522/912/35 1528/910/279 1527/912/278
f 1524/913/28 1534/914/261 1533/913/263
f 1532/908/262 1518/907/274 1520/908/266
f 1515/923/283 1528/922/279 1521/922/32
f 1538/896/274 1550/895/281 1537/895/287
f 1543/898/26 1539/897/271 1536/899/285
f 1544/901/28 1552/900/262 1540/900/266
f 1542/903/35 1554/902/261 1546/902/38
f 1535/904/283 1536/906/285 1537/905/287
f 1538/907/274 1539/909/271 1540/908/266
f 1541/910/32 1542/912/35 1543/911/26
f 1544/913/28 1545/915/24 1546/914/38
f 1536/917/285 1541/916/32 1543/918/26
f 1539/909/271 1537/905/287 1536/906/285
f 1545/920/24 1540/919/266 1539/921/271
f 1543/911/26 1546/914/38 1545/915/24
f 1550/905/281 1535/904/283 1537/905/287
f 1542/912/35 1548/910/279 1547/912/278
f 1544/913/28 1554/914/261 1553/913/263
f 1552/908/262 1538/907/274 1540/908/266
f 1535/923/283 1548/922/279 1541/922/32
f 1558/896/274 1570/895/281 1557/895/287
f 1563/898/26 1559/897/271 1556/899/285
f 1564/901/28 1572/900/262 1560/900/266
f 1562/903/35 1574/902/261 1566/902/38
f 1555/904/283 1556/906/285 1557/905/287
f 1558/907/274 1559/909/271 1560/908/266
f 1561/910/32 1562/912/35 1563/911/26
f 1564/913/28 1565/915/24 1566/914/38
f 1556/917/285 1561/916/32 1563/918/26
f 1559/909/271 1557/905/287 1556/906/285
f 1565/920/24 1560/919/266 1559/921/271
f 1563/911/26 1566/914/38 1565/915/24
f 1570/905/281 1555/904/283 1557/905/287
f 1562/912/35 1568/910/279 1567/912/278
f 1564/913/28 1574/914/261 1573/913/263
f 1572/908/262 1558/907/274 1560/908/266
f 1555/923/283 1568/922/279 1561/922/32
f 1578/896/274 1590/895/281 1577/895/287
f 1583/898/26 1579/897/271 1576/899/285
f 1584/901/28 1592/900/262 1580/900/266
f 1582/903/35 1594/902/261 1586/902/38
f 1575/904/283 1576/906/285 1577/905/287
f 1578/907/274 1579/909/271 1580/908/266
f 1581/910/32 1582/912/35 1583/911/26
f 1584/913/28 1585/915/24 1586/914/38
f 1576/917/285 1581/916/32 1583/918/26
f 1579/909/271 1577/905/287 1576/906/285
f 1585/920/24 1580/919/266 1579/921/271
f 1583/911/26 1586/914/38 1585/915/24
f 1590/905/281 1575/904/283 1577/905/287
f 1582/912/35 1588/910/279 1587/912/278
f 1584/913/28 1594/914/261 1593/913/263
f 1592/908/262 1578/907/274 1580/908/266
f 1575/923/283 1588/922/279 1581/922/32
f 1598/896/274 1610/895/281 1597/895/287
f 1603/898/26 1599/897/271 1596/899/285
f 1604/901/28 1612/900/262 1600/900/266
f 1602/903/35 1614/902/261 1606/902/38
f 1595/904/283 1596/906/285 1597/905/287
f 1598/907/274 1599/909/271 1600/908/266
f 1601/910/32 1602/912/35 1603/911/26
f 1604/913/28 1605/915/24 1606/914/38
f 1596/917/285 1601/916/32 1603/918/26
f 1596/906/285 1598/907/274 1597/905/287
f 1599/921/271 1604/924/28 1600/919/266
f 1603/911/26 1606/914/38 1605/915/24
f 1610/905/281 1595/904/283 1597/905/287
f 1602/912/35 1608/910/279 1607/912/278
f 1604/913/28 1614/914/261 1613/913/263
f 1612/908/262 1598/907/274 1600/908/266
f 1595/923/283 1608/922/279 1601/922/32
f 1621/925/365 1681/926/366 1679/925/367
f 1618/927/368 1675/928/369 1678/927/370
f 1624/929/371 1673/930/22 1616/930/13
f 1622/928/372 1679/925/367 1675/928/369
f 1618/927/368 1687/931/373 1623/931/374
f 1620/926/375 1683/932/376 1681/926/366
f 1619/932/377 1685/933/378 1683/932/376
f 1687/931/373 1625/934/379 1623/931/374
f 1690/934/380 1626/935/381 1625/934/379
f 1626/935/381 1694/936/382 1627/936/383
f 1694/936/382 1628/937/384 1627/936/383
f 1696/937/385 1624/929/371 1628/937/384
f 1654/938/386 1631/939/387 1652/939/388
f 1647/940/389 1637/941/390 1662/941/391
f 1656/942/392 1633/938/393 1654/938/386
f 1658/943/394 1634/942/395 1656/942/392
f 1663/944/396 1642/945/397 1659/945/398
f 1650/946/399 1635/943/400 1658/943/394
f 1665/947/401 1641/944/402 1663/944/396
f 1685/933/378 1615/948/12 1672/948/30
f 1669/949/403 1639/950/404 1667/950/405
f 1667/950/405 1640/947/406 1665/947/401
f 1662/941/391 1638/949/407 1669/949/403
f 1652/939/388 1632/940/408 1647/940/389
f 1651/951/409 1677/952/410 1676/953/411
f 1659/945/398 1630/954/12 1646/954/30
f 1649/955/412 1671/956/16 1644/957/19
f 1670/958/413 1688/959/414 1661/960/415
f 1670/958/413 1691/961/416 1689/962/417
f 1666/963/418 1691/961/416 1668/964/419
f 1661/960/415 1677/952/410 1648/965/420
f 1664/966/421 1693/967/422 1666/963/418
f 1651/951/409 1680/968/423 1653/969/424
f 1664/966/421 1697/970/425 1695/971/426
f 1655/972/427 1680/968/423 1682/973/428
f 1660/974/429 1674/975/19 1697/970/425
f 1657/976/430 1682/973/428 1684/977/431
f 1657/976/430 1686/978/432 1649/955/412
f 1676/979/411 1678/980/370 1675/981/369
f 1676/979/411 1679/982/367 1680/983/423
f 1682/984/428 1679/982/367 1681/985/366
f 1682/984/428 1683/986/376 1684/987/431
f 1684/987/431 1685/988/378 1686/989/432
f 1689/990/417 1687/991/373 1688/992/414
f 1689/990/417 1692/993/433 1690/994/380
f 1693/995/422 1692/993/433 1691/996/416
f 1693/995/422 1696/997/385 1694/998/382
f 1695/999/426 1698/1000/434 1696/997/385
f 1673/1001/22 1697/1002/425 1674/1003/19
f 1678/980/370 1688/992/414 1687/991/373
f 1672/1004/30 1686/989/432 1685/988/378
f 1652/1005/388 1648/1006/420 1651/1007/409
f 1652/1005/388 1653/1008/424 1654/1009/386
f 1654/1009/386 1655/1010/427 1656/1011/392
f 1656/1011/392 1657/1012/430 1658/1013/394
f 1658/1013/394 1649/1014/412 1650/1015/399
f 1669/1016/403 1661/1017/415 1662/1018/391
f 1669/1016/403 1668/1019/419 1670/1020/413
f 1667/1021/405 1666/1022/418 1668/1019/419
f 1665/1023/401 1664/1024/421 1666/1022/418
f 1663/1025/396 1660/1026/429 1664/1024/421
f 1645/1027/16 1659/1028/398 1646/1029/30
f 1648/1006/420 1662/1018/391 1661/1017/415
f 1644/1030/19 1650/1015/399 1649/1014/412
f 1650/946/399 1629/1031/13 1636/946/435
f 682/1032/1 1703/1033/1 1704/1034/1
f 682/1035/1 1704/1034/1 1705/1036/1
f 682/1037/1 1705/1036/1 1706/1038/1
f 682/1039/1 1706/1038/1 1707/1040/1
f 682/1041/1 1707/1040/1 1708/1042/1
f 682/1043/1 1708/1042/1 1709/1044/1
f 682/1045/1 1709/1044/1 1710/1046/1
f 682/1047/1 1710/1046/1 1711/1048/1
f 682/1049/1 1711/1048/1 1712/1050/1
f 682/1051/1 1712/1050/1 1713/1052/1
f 682/1053/1 1713/1052/1 1714/1054/1
f 682/1032/1 769/1033/1 1703/1033/1
f 682/1055/1 1714/1054/1 770/1054/1
f 682/1055/1 770/1054/1 769/1033/1
f 36/1056/1 26/1057/1 27/1057/1
f 33/1056/1 25/1058/1 26/1057/1
f 38/1059/1 30/1060/1 37/1061/1
f 38/1059/1 32/1062/1 29/1062/1
f 28/1063/1 31/1060/1 32/1062/1
f 40/1061/1 35/1064/1 39/1059/1
f 28/1063/1 39/1059/1 35/1064/1
f 35/1064/1 27/1057/1 28/1063/1
f 619/1/1 618/1/1 611/2/1
f 617/3/2 619/1/2 612/2/2
f 618/1/3 616/3/3 606/4/3
f 620/4/1 622/3/1 617/3/1
f 621/5/1 620/4/1 607/4/1
f 625/6/1 626/6/1 610/7/1
f 626/6/2 624/8/2 608/5/2
f 624/8/1 627/8/1 621/5/1
f 623/8/3 625/6/3 609/7/3
f 629/5/1 630/8/1 623/8/1
f 605/5/1 602/10/1 628/9/1
f 613/10/1 631/9/1 628/9/1
f 635/11/4 633/10/4 613/10/4
f 632/12/5 634/13/5 614/13/5
f 633/10/1 636/9/1 631/9/1
f 634/13/1 635/11/1 615/11/1
f 637/14/1 639/14/1 632/12/1
f 603/12/1 604/12/1 638/14/1
f 641/3/1 640/4/1 606/4/1
f 606/4/1 640/4/1 638/14/1
f 648/15/6 656/16/6 659/16/6
f 651/15/7 659/16/7 658/17/7
f 649/18/8 657/17/8 656/16/8
f 658/17/6 662/17/6 661/18/6
f 650/18/6 661/18/6 660/19/6
f 646/20/6 665/21/6 664/21/6
f 647/19/7 666/22/7 665/21/7
f 660/19/6 667/22/6 666/22/6
f 645/20/8 664/21/8 663/22/8
f 663/22/6 670/22/6 668/19/6
f 644/19/6 668/19/6 669/23/6
f 654/24/6 655/24/6 669/23/6
f 654/24/9 674/24/9 673/25/9
f 652/26/10 672/26/10 675/27/10
f 671/23/6 676/23/6 674/24/6
f 653/25/6 673/25/6 672/26/6
f 675/27/6 679/28/6 677/28/6
f 642/27/6 677/28/6 678/28/6
f 649/18/6 680/18/6 681/17/6
f 649/18/6 643/27/6 678/28/6
f 633/10/11 674/24/11 676/23/11
f 611/2/12 606/4/12 649/18/12
f 616/3/13 657/17/13 681/17/13
f 612/2/12 651/15/12 650/18/12
f 640/4/11 680/18/11 678/28/11
f 611/2/12 648/15/12 651/15/12
f 627/8/14 667/22/14 660/19/14
f 615/11/14 653/25/14 652/26/14
f 621/5/14 660/19/14 661/18/14
f 615/11/14 613/10/14 654/24/14
f 628/9/11 669/23/11 668/19/11
f 620/4/14 661/18/14 662/17/14
f 636/9/12 676/23/12 671/23/12
f 602/10/13 655/24/13 654/24/13
f 629/5/11 668/19/11 670/22/11
f 622/3/13 662/17/13 658/17/13
f 638/14/13 678/28/13 677/28/13
f 605/5/14 644/19/14 655/24/14
f 630/8/12 670/22/12 663/22/12
f 637/14/13 677/28/13 679/28/13
f 604/12/14 643/27/14 649/18/14
f 639/14/11 679/28/11 675/27/11
f 607/4/11 650/18/11 647/19/11
f 625/6/12 623/8/12 663/22/12
f 614/13/14 652/26/14 642/27/14
f 603/12/12 642/27/12 643/27/12
f 625/6/12 664/21/12 665/21/12
f 618/1/13 656/16/13 657/17/13
f 634/13/11 672/26/11 673/25/11
f 609/7/13 645/20/13 644/19/13
f 626/6/12 665/21/12 666/22/12
f 641/3/11 681/17/11 680/18/11
f 619/1/13 617/3/13 658/17/13
f 635/11/11 673/25/11 674/24/11
f 610/7/13 646/20/13 645/20/13
f 624/8/12 666/22/12 667/22/12
f 631/9/12 671/23/12 669/23/12
f 619/1/13 659/16/13 656/16/13
f 634/13/11 632/12/11 675/27/11
f 610/7/13 608/5/13 647/19/13
f 1700/29/11 1702/1065/11 1701/30/11
f 10/32/15 31/40/16 28/33/16
f 16/35/18 35/1066/19 40/36/19
f 13/38/21 33/39/22 36/39/22
f 19/37/24 37/36/39 30/40/25
f 23/41/21 39/42/22 38/42/27
f 5/43/29 27/44/30 26/44/30
f 8/45/32 29/46/41 32/46/30
f 2/47/15 25/1067/16 34/48/19
f 11/56/33 10/54/15 4/53/17
f 3/52/33 6/52/34 5/50/29
f 16/60/18 22/61/20 24/62/36
f 18/57/23 17/58/37 14/58/36
f 20/62/38 19/61/24 7/54/26
f 15/59/20 14/58/36 3/52/33
f 9/56/35 8/55/32 12/55/31
f 21/63/28 20/62/38 24/62/36
f 19/64/24 21/67/28 38/65/27
f 40/66/19 39/65/22 23/67/21
f 2/68/15 1/72/31 26/69/30
f 28/71/16 27/69/30 5/72/29
f 16/74/18 18/78/23 36/75/22
f 34/77/19 33/75/22 13/78/21
f 10/80/15 12/83/31 32/81/30
f 30/82/25 29/81/41 8/83/32
f 9/1068/35 11/1068/33 6/84/34
f 6/84/34 3/84/33 14/85/36
f 17/85/37 24/86/36 20/86/38
f 6/84/34 14/85/36 17/85/37
f 20/86/38 9/1068/35 6/84/34
f 60/87/40 67/87/54 45/88/41
f 69/89/42 73/103/45 56/90/39
f 63/92/43 66/144/50 48/93/41
f 76/95/44 57/104/56 41/96/16
f 47/98/25 56/112/39 73/99/45
f 55/101/27 52/101/22 79/102/46
f 75/103/47 79/89/46 52/91/22
f 64/104/48 72/95/55 53/97/39
f 61/105/49 43/106/30 48/106/41
f 50/107/19 49/116/22 78/108/51
f 70/110/52 78/110/51 49/111/22
f 51/112/19 44/98/16 58/100/53
f 46/113/25 45/117/41 67/114/54
f 54/116/27 53/107/39 72/109/55
f 57/115/56 60/114/40 42/117/30
f 66/118/50 68/119/72 62/119/57
f 68/120/58 67/121/54 60/121/40
f 78/122/51 80/126/71 77/123/60
f 77/125/61 80/127/70 79/102/46
f 70/122/52 72/124/55 74/123/62
f 74/125/64 73/99/45 69/102/42
f 67/128/54 68/194/58 65/129/66
f 65/131/67 68/1069/72 66/105/50
f 61/105/49 62/1069/57 59/131/68
f 59/129/69 62/194/59 60/128/40
f 73/132/45 74/142/64 65/133/67
f 74/135/62 72/143/55 64/136/48
f 69/138/42 79/138/46 80/139/70
f 71/140/63 80/140/71 78/141/51
f 58/134/53 59/133/68 77/142/61
f 59/137/69 57/136/56 76/143/44
f 44/94/16 43/93/30 61/144/49
f 100/87/40 107/87/54 85/88/41
f 109/145/42 113/156/45 96/146/39
f 103/148/43 106/172/50 88/149/41
f 116/95/44 97/104/56 81/96/16
f 87/151/25 96/159/39 113/152/45
f 95/154/27 92/154/22 119/155/46
f 115/156/47 119/145/46 92/147/22
f 104/104/48 112/95/55 93/97/39
f 83/157/30 88/157/41 106/158/50
f 90/107/19 89/116/22 118/108/51
f 110/110/52 118/110/51 89/111/22
f 91/159/19 84/151/16 98/153/53
f 86/113/25 85/117/41 107/114/54
f 94/116/27 93/107/39 112/109/55
f 97/115/56 100/114/40 82/117/30
f 106/160/50 108/161/72 102/161/57
f 108/120/58 107/121/54 100/121/40
f 116/124/44 118/122/51 120/126/71
f 120/162/70 119/155/46 115/152/47
f 112/124/55 114/123/62 111/126/63
f 111/162/65 114/163/64 113/152/45
f 107/128/54 108/194/58 105/129/66
f 108/164/72 106/158/50 103/153/43
f 98/153/53 101/158/49 102/164/57
f 99/129/69 102/194/59 100/128/40
f 113/166/45 114/171/64 105/167/67
f 114/135/62 112/143/55 104/136/48
f 119/169/46 120/170/70 111/170/65
f 120/140/71 118/141/51 110/141/52
f 98/168/53 99/167/68 117/171/61
f 99/137/69 97/136/56 116/143/44
f 84/150/16 83/149/30 101/172/49
f 140/87/40 147/87/54 125/88/41
f 149/173/42 153/184/45 136/174/39
f 143/176/43 146/201/50 128/177/41
f 156/95/44 137/104/56 121/96/16
f 127/179/25 136/187/39 153/180/45
f 135/182/27 132/182/22 159/183/46
f 155/184/47 159/173/46 132/175/22
f 144/104/48 152/95/55 133/97/39
f 123/185/30 128/185/41 146/186/50
f 130/107/19 129/116/22 158/108/51
f 150/110/52 158/110/51 129/111/22
f 131/187/19 124/179/16 138/181/53
f 126/113/25 125/117/41 147/114/54
f 134/116/27 133/107/39 152/109/55
f 137/115/56 140/114/40 122/117/30
f 141/188/49 146/188/50 148/189/72
f 148/120/58 147/121/54 140/121/40
f 158/122/51 160/126/71 157/123/60
f 160/190/70 159/183/46 155/180/47
f 150/122/52 152/124/55 154/123/62
f 154/191/64 153/180/45 149/183/42
f 147/128/54 148/194/58 145/129/66
f 145/192/67 148/193/72 146/186/50
f 138/181/53 141/186/49 142/193/57
f 142/194/59 140/128/40 137/130/56
f 153/195/45 154/200/64 145/196/67
f 154/135/62 152/143/55 144/136/48
f 159/198/46 160/199/70 151/199/65
f 151/140/63 160/140/71 158/141/51
f 138/197/53 139/196/68 157/200/61
f 139/137/69 137/136/56 156/143/44
f 124/178/16 123/177/30 141/201/49
f 195/202/12 173/106/12 171/106/30
f 196/203/25 203/229/39 181/159/39
f 193/204/30 171/93/30 172/94/16
f 197/206/41 196/231/25 174/178/25
f 178/207/22 180/207/13 202/208/13
f 179/209/19 178/241/22 200/210/22
f 203/212/39 204/228/27 182/147/27
f 162/217/1 171/219/1 173/219/1
f 163/213/1 161/214/1 173/219/1
f 164/213/1 163/213/1 169/216/1
f 166/223/1 179/225/1 172/218/1
f 166/223/1 165/226/1 180/224/1
f 167/220/1 177/222/1 180/224/1
f 167/220/1 168/220/1 182/221/1
f 164/213/1 174/215/1 181/222/1
f 161/214/1 164/213/1 168/220/1
f 162/217/1 161/214/1 165/226/1
f 204/227/27 198/227/22 176/154/22
f 198/228/22 199/212/19 177/146/19
f 180/207/11 177/159/19 199/229/19
f 191/230/30 197/230/41 175/185/41
f 192/231/16 191/206/30 169/177/30
f 192/203/16 170/179/16 173/106/11
f 195/204/6 193/204/6 184/234/6
f 185/232/6 192/231/6 195/204/6
f 197/206/6 191/206/6 185/232/6
f 194/205/6 201/211/6 188/236/6
f 188/236/6 200/210/6 202/210/6
f 202/210/6 199/212/6 189/235/6
f 198/228/6 204/228/6 190/235/6
f 203/212/6 196/231/6 186/232/6
f 190/235/6 186/232/6 183/233/6
f 187/237/6 183/233/6 184/234/6
f 172/98/16 179/252/19 201/238/19
f 224/87/40 231/87/54 209/88/41
f 233/240/42 237/249/45 220/209/39
f 211/242/25 227/264/43 230/243/50
f 240/95/44 221/104/56 205/96/16
f 211/245/25 220/252/39 237/246/45
f 219/207/27 216/207/22 243/248/46
f 239/249/47 243/240/46 216/241/22
f 228/104/48 236/95/55 217/97/39
f 225/250/49 207/251/30 212/251/41
f 214/107/19 213/116/22 242/108/51
f 234/110/52 242/110/51 213/111/22
f 215/252/19 208/245/16 222/247/53
f 210/113/25 209/117/41 231/114/54
f 218/116/27 217/107/39 236/109/55
f 221/115/56 224/114/40 206/117/30
f 230/253/50 232/254/72 226/254/57
f 232/120/58 231/121/54 224/121/40
f 242/122/51 244/126/71 241/123/60
f 241/255/61 244/256/70 243/248/46
f 234/122/52 236/124/55 238/123/62
f 238/255/64 237/246/45 233/248/42
f 231/128/54 232/194/58 229/129/66
f 229/257/67 232/1070/72 230/250/50
f 225/250/49 226/1070/57 223/257/68
f 223/129/69 226/194/59 224/128/40
f 237/258/45 238/263/64 229/259/67
f 238/135/62 236/143/55 228/136/48
f 233/261/42 243/261/46 244/262/70
f 235/140/63 244/140/71 242/141/51
f 222/260/53 223/259/68 241/263/61
f 223/137/69 221/136/56 240/143/44
f 208/242/16 207/244/30 225/243/49
f 264/87/40 271/87/54 249/88/41
f 259/147/27 273/145/42 277/156/45
f 267/148/43 270/172/50 252/149/41
f 280/95/44 261/104/56 245/96/16
f 251/151/25 260/159/39 277/152/45
f 259/154/27 256/154/22 283/155/46
f 255/146/19 279/156/47 283/145/46
f 268/104/48 276/95/55 257/97/39
f 247/157/30 252/157/41 270/158/50
f 254/107/19 253/116/22 282/108/51
f 274/110/52 282/110/51 253/111/22
f 255/159/19 248/151/16 262/153/53
f 250/113/25 249/117/41 271/114/54
f 258/116/27 257/107/39 276/109/55
f 261/115/56 264/114/40 246/117/30
f 265/160/49 270/160/50 272/161/72
f 272/120/58 271/121/54 264/121/40
f 280/124/44 282/122/51 284/126/71
f 284/162/70 283/155/46 279/152/47
f 274/122/52 276/124/55 278/123/62
f 278/163/64 277/152/45 273/155/42
f 271/128/54 272/194/58 269/129/66
f 269/165/67 272/164/72 270/158/50
f 262/153/53 265/158/49 266/164/57
f 263/129/69 266/194/59 264/128/40
f 277/166/45 278/171/64 269/167/67
f 278/135/62 276/143/55 268/136/48
f 283/169/46 284/170/70 275/170/65
f 275/140/63 284/140/71 282/141/51
f 262/168/53 263/167/68 281/171/61
f 263/137/69 261/136/56 280/143/44
f 248/150/16 247/149/30 265/172/49
f 302/265/73 317/332/73 318/266/73
f 293/268/74 309/269/74 311/269/74
f 298/270/75 313/333/75 314/271/75
f 294/273/76 310/327/76 309/269/76
f 345/274/77 348/274/175 341/275/78
f 375/276/80 374/282/167 389/277/81
f 360/279/83 355/280/102 354/280/84
f 367/281/86 384/334/166 385/278/87
f 370/276/88 385/278/87 388/277/89
f 357/283/91 349/285/189 356/284/92
f 359/279/85 353/284/188 352/285/93
f 351/286/95 382/287/191 379/287/96
f 366/288/98 363/288/192 380/289/99
f 391/290/101 390/349/190 355/291/102
f 334/293/103 346/294/174 344/294/104
f 329/295/106 342/301/172 347/296/107
f 285/298/6 330/302/115 335/299/109
f 331/297/110 343/296/173 338/301/111
f 287/298/6 291/300/6 332/299/113
f 289/300/6 335/299/109 332/299/113
f 285/298/6 287/298/6 326/302/114
f 285/303/116 286/304/120 294/273/117
f 288/304/119 295/273/122 294/273/117
f 287/303/121 296/268/123 295/273/122
f 285/303/116 293/268/118 296/268/123
f 287/303/124 288/304/127 298/270/125
f 288/304/127 292/307/130 299/305/128
f 291/306/129 300/308/131 299/305/128
f 287/303/124 297/272/126 300/308/131
f 291/306/132 292/307/135 302/265/133
f 292/307/135 290/307/138 303/265/136
f 289/306/137 304/267/139 303/265/136
f 291/306/132 301/267/134 304/267/139
f 289/306/140 290/307/144 306/305/141
f 286/304/143 307/270/146 306/305/141
f 285/303/145 308/272/147 307/270/146
f 285/303/145 289/306/140 305/308/142
f 309/309/148 310/310/148 312/310/148
f 313/311/149 316/316/149 315/312/149
f 317/314/150 320/314/150 319/315/150
f 321/316/151 324/311/151 323/313/151
f 297/317/152 314/326/152 315/318/152
f 306/305/153 321/330/153 322/320/153
f 295/321/154 312/322/154 310/322/154
f 301/267/155 318/266/155 319/266/155
f 299/323/156 316/331/156 313/324/156
f 305/319/157 322/318/157 323/326/157
f 295/273/158 296/268/158 311/269/158
f 303/328/159 320/329/159 317/329/159
f 299/305/160 300/308/160 315/320/160
f 307/325/161 324/324/161 321/331/161
f 303/265/162 304/267/162 319/266/162
f 307/270/163 308/272/163 323/271/163
f 357/283/91 360/279/83 359/279/85
f 362/281/164 375/276/80 392/278/82
f 367/281/86 366/288/98 381/289/100
f 371/282/90 388/277/89 389/277/81
f 328/335/169 330/336/115 326/336/114
f 327/337/112 326/336/114 332/339/113
f 333/340/105 332/339/113 335/339/109
f 336/338/108 335/339/109 330/336/115
f 341/343/78 340/341/171 337/341/170
f 339/343/79 338/342/111 343/344/173
f 348/346/175 345/346/77 344/345/104
f 341/343/78 348/346/175 347/344/107
f 340/347/171 342/301/172 329/295/106
f 346/294/174 334/293/103 336/297/108
f 344/294/104 343/296/173 331/297/110
f 337/347/170 325/348/168 327/295/112
f 325/348/168 337/347/170 340/347/171
f 386/290/176 353/292/188 354/291/84
f 383/350/178 382/287/191 351/286/95
f 364/353/180 365/353/186 288/354/1
f 288/354/1 368/352/187 369/355/181
f 372/357/182 373/357/184 290/356/1
f 378/350/183 349/351/189 350/286/97
f 376/355/185 361/352/179 286/354/1
f 355/291/102 390/349/190 387/349/177
f 353/292/188 386/290/176 383/350/178
f 349/351/189 378/350/183 391/290/101
f 351/358/95 350/358/97 357/283/91
f 362/359/164 363/362/192 364/360/180
f 367/359/86 368/361/187 365/360/186
f 370/363/88 371/366/90 372/364/182
f 375/363/80 376/365/185 373/364/184
f 387/367/177 388/370/89 385/368/87
f 390/367/190 391/369/101 392/368/82
f 379/371/96 380/374/99 377/372/165
f 382/371/191 383/373/178 384/372/166
f 380/374/99 379/371/96 382/371/191
f 392/368/82 391/369/101 378/373/183
f 384/372/166 383/373/178 386/369/176
f 389/370/81 388/370/89 387/367/177
f 366/362/98 365/360/186 364/360/180
f 376/365/185 375/363/80 362/359/164
f 367/359/86 370/363/88 369/365/181
f 374/366/167 373/364/184 372/364/182
f 362/281/164 377/334/165 380/289/99
f 399/375/12 401/375/12 402/376/12
f 395/377/14 398/379/14 400/378/14
f 394/377/12 395/377/12 399/375/12
f 400/378/13 398/379/13 397/379/13
f 403/380/13 404/378/13 400/378/13
f 400/378/6 404/378/6 401/375/6
f 402/376/1 403/380/1 396/380/1
f 397/379/11 394/377/11 393/376/11
f 422/265/73 437/332/73 438/266/73
f 413/268/74 429/269/74 431/269/74
f 418/270/75 433/333/436 434/271/75
f 414/273/76 430/327/76 429/269/76
f 465/274/77 468/274/175 461/275/78
f 495/276/80 494/282/167 509/277/81
f 480/279/83 475/280/102 474/280/84
f 490/276/88 487/281/86 504/334/166
f 490/276/88 505/278/87 508/277/89
f 477/283/91 469/285/189 476/284/92
f 479/279/85 473/284/188 472/285/93
f 471/286/95 502/287/191 499/287/96
f 486/288/98 483/288/192 500/289/99
f 511/290/101 510/349/190 475/291/102
f 454/293/193 466/294/204 464/294/194
f 456/297/108 449/295/201 462/301/195
f 405/298/6 450/302/115 455/299/109
f 451/297/110 463/296/203 458/301/111
f 407/298/6 411/300/6 452/299/113
f 409/300/6 455/299/109 452/299/113
f 405/298/6 407/298/6 446/302/114
f 405/303/116 406/304/120 414/273/117
f 408/304/119 415/273/122 414/273/117
f 407/303/121 416/268/123 415/273/122
f 405/303/116 413/268/118 416/268/123
f 407/303/124 408/304/127 418/270/125
f 412/307/130 419/305/128 418/270/125
f 411/306/129 420/308/131 419/305/128
f 407/303/124 417/272/126 420/308/131
f 411/306/132 412/307/135 422/265/133
f 412/307/135 410/307/138 423/265/136
f 409/306/137 424/267/139 423/265/136
f 411/306/132 421/267/134 424/267/139
f 409/306/140 410/307/144 426/305/141
f 410/307/144 406/304/143 427/270/146
f 405/303/145 428/272/147 427/270/146
f 405/303/145 409/306/140 425/308/142
f 429/309/148 430/310/148 432/310/148
f 433/311/149 436/316/149 435/312/149
f 437/314/150 440/314/150 439/315/150
f 442/312/151 441/316/151 444/311/151
f 417/317/196 434/326/196 435/318/152
f 426/305/153 441/330/153 442/320/153
f 415/321/197 432/322/197 430/322/197
f 421/267/155 438/266/155 439/266/155
f 419/323/156 436/331/156 433/324/156
f 425/319/198 442/318/198 443/326/157
f 415/273/158 416/268/158 431/269/158
f 423/328/159 440/329/159 437/329/159
f 419/305/160 420/308/160 435/320/160
f 427/325/161 444/324/161 441/331/161
f 423/265/162 424/267/162 439/266/162
f 427/270/163 428/272/163 443/271/163
f 477/283/91 480/279/83 479/279/85
f 495/276/80 512/278/82 497/334/165
f 487/281/86 486/288/98 501/289/100
f 491/282/90 508/277/89 509/277/81
f 448/335/169 450/336/115 446/336/114
f 451/338/110 447/337/112 446/336/114
f 454/340/193 453/340/105 452/339/113
f 456/338/108 455/339/109 450/336/115
f 461/343/78 460/341/171 457/341/202
f 459/343/79 458/342/111 463/344/203
f 468/346/175 465/346/77 464/345/194
f 468/346/175 467/344/107 462/342/195
f 460/347/171 462/301/195 449/295/201
f 466/294/204 454/293/193 456/297/108
f 464/294/194 463/296/203 451/297/110
f 457/347/202 445/348/200 447/295/112
f 445/348/200 457/347/202 460/347/171
f 506/290/176 473/292/188 474/291/84
f 503/350/205 502/287/191 471/286/95
f 484/353/180 485/353/186 408/354/1
f 408/354/1 488/352/187 489/355/181
f 492/357/182 493/357/184 410/356/1
f 498/350/206 469/351/189 470/286/97
f 496/355/185 481/352/179 406/354/1
f 475/291/102 510/349/190 507/349/177
f 506/290/176 503/350/205 472/351/93
f 498/350/206 511/290/101 476/292/92
f 470/358/97 477/283/91 478/283/94
f 482/359/164 483/362/192 484/360/180
f 487/359/86 488/361/187 485/360/186
f 490/363/88 491/366/90 492/364/182
f 495/363/80 496/365/185 493/364/184
f 507/367/177 508/370/89 505/368/87
f 510/367/190 511/369/101 512/368/82
f 499/371/96 500/374/99 497/372/165
f 502/371/191 503/373/205 504/372/166
f 500/374/99 499/371/96 502/371/191
f 497/372/165 512/368/82 511/369/101
f 504/372/166 503/373/205 506/369/176
f 509/370/81 508/370/89 507/367/177
f 486/362/98 485/360/186 484/360/180
f 496/365/185 495/363/80 482/359/164
f 487/359/86 490/363/88 489/365/181
f 494/366/167 493/364/184 492/364/182
f 482/281/164 497/334/165 500/289/99
f 519/375/12 521/375/12 522/376/12
f 515/377/14 518/379/14 520/378/14
f 514/377/12 515/377/12 519/375/12
f 520/378/13 518/379/13 517/379/13
f 523/380/13 524/378/13 520/378/13
f 520/378/6 524/378/6 521/375/6
f 522/376/1 523/380/1 516/380/1
f 517/379/11 514/377/11 513/376/11
f 544/87/40 551/87/54 529/88/41
f 553/173/42 557/184/45 540/174/39
f 547/176/43 550/201/50 532/177/41
f 560/95/44 541/104/56 525/96/16
f 531/179/25 540/187/39 557/180/45
f 539/182/27 536/182/22 563/183/46
f 559/184/47 563/173/46 536/175/22
f 548/104/48 556/95/55 537/97/39
f 527/185/30 532/185/41 550/186/50
f 534/107/19 533/116/22 562/108/51
f 554/110/52 562/110/51 533/111/22
f 535/187/19 528/179/16 542/181/53
f 530/113/25 529/117/41 551/114/54
f 538/116/27 537/107/39 556/109/55
f 541/115/56 544/114/40 526/117/30
f 545/188/49 550/188/50 552/189/72
f 552/120/58 551/121/54 544/121/40
f 562/122/51 564/126/71 561/123/60
f 564/190/70 563/183/46 559/180/47
f 554/122/52 556/124/55 558/123/62
f 558/191/64 557/180/45 553/183/42
f 551/128/54 552/194/58 549/129/66
f 549/192/67 552/193/72 550/186/50
f 542/181/53 545/186/49 546/193/57
f 546/194/59 544/128/40 541/130/56
f 557/195/45 558/200/64 549/196/67
f 558/135/62 556/143/55 548/136/48
f 563/198/46 564/199/70 555/199/65
f 555/140/63 564/140/71 562/141/51
f 542/197/53 543/196/68 561/200/61
f 543/137/69 541/136/56 560/143/44
f 528/178/16 527/177/30 545/201/49
f 566/381/12 577/382/12 565/382/12
f 565/382/11 578/384/11 569/383/11
f 580/384/14 572/388/14 575/385/14
f 571/386/13 570/386/13 573/387/13
f 579/388/11 571/386/11 574/387/11
f 572/388/13 579/388/13 576/385/13
f 573/387/11 570/386/11 577/382/11
f 569/383/12 578/384/12 580/384/12
f 594/390/11 593/389/11 585/11/11
f 596/19/12 595/19/12 588/5/12
f 596/19/12 586/5/12 589/7/12
f 595/19/12 597/391/12 590/7/12
f 599/18/13 598/392/13 591/2/13
f 594/390/11 583/10/11 581/12/11
f 599/18/13 587/4/13 582/4/13
f 600/393/11 581/12/11 584/13/11
f 601/18/13 582/4/13 592/2/13
f 700/394/207 702/397/210 1706/395/208
f 702/397/210 704/399/212 1707/398/211
f 704/399/212 706/401/214 1708/400/213
f 706/401/214 708/403/216 1709/402/215
f 708/403/216 710/405/218 1710/404/217
f 710/405/218 712/407/220 1711/406/219
f 712/407/220 714/409/222 1712/408/221
f 714/409/222 716/411/224 1713/410/223
f 716/411/224 718/539/251 1714/412/225
f 696/413/226 698/416/229 1704/414/227
f 698/416/229 700/394/207 1705/396/209
f 725/417/207 727/420/210 686/418/208
f 727/420/210 729/422/212 687/421/211
f 729/422/212 731/424/214 688/423/213
f 731/424/214 733/426/216 689/425/215
f 733/426/216 735/428/218 690/427/217
f 735/428/218 737/430/220 691/429/219
f 737/430/220 739/432/222 692/431/221
f 739/432/222 741/434/224 693/433/223
f 741/434/224 743/537/251 694/435/225
f 721/436/226 723/439/229 684/437/227
f 723/439/229 725/417/207 685/419/209
f 696/440/226 697/443/231 699/441/230
f 697/443/231 757/538/254 758/444/232
f 698/442/229 699/441/230 701/445/233
f 699/441/230 758/444/232 759/447/234
f 700/446/207 701/445/233 703/448/235
f 701/445/233 759/447/234 760/450/236
f 702/449/210 703/448/235 705/451/237
f 703/448/235 760/450/236 761/453/238
f 704/452/212 705/451/237 707/454/239
f 705/451/237 761/453/238 762/456/240
f 706/455/214 707/454/239 709/457/241
f 707/454/239 762/456/240 763/459/242
f 710/460/218 708/458/216 709/457/241
f 711/461/243 709/457/241 763/459/242
f 712/463/220 710/460/218 711/461/243
f 713/464/245 711/461/243 764/462/244
f 714/466/222 712/463/220 713/464/245
f 715/467/247 713/464/245 765/465/246
f 716/469/224 714/466/222 715/467/247
f 717/470/249 715/467/247 766/468/248
f 718/472/251 716/469/224 717/470/249
f 719/473/252 717/470/249 767/471/250
f 721/475/226 722/478/231 724/476/230
f 722/478/231 745/536/254 746/479/232
f 723/477/229 724/476/230 726/480/233
f 724/476/230 746/479/232 747/482/234
f 725/481/207 726/480/233 728/483/235
f 726/480/233 747/482/234 748/485/236
f 727/484/210 728/483/235 730/486/237
f 728/483/235 748/485/236 749/488/238
f 729/487/212 730/486/237 732/489/239
f 730/486/237 749/488/238 750/491/240
f 731/490/214 732/489/239 734/492/241
f 732/489/239 750/491/240 751/494/242
f 735/495/218 733/493/216 734/492/241
f 736/496/243 734/492/241 751/494/242
f 737/498/220 735/495/218 736/496/243
f 738/499/245 736/496/243 752/497/244
f 739/501/222 737/498/220 738/499/245
f 740/502/247 738/499/245 753/500/246
f 741/504/224 739/501/222 740/502/247
f 742/505/249 740/502/247 754/503/248
f 743/507/251 741/504/224 742/505/249
f 744/508/252 742/505/249 755/506/250
f 722/478/231 780/478/260 783/536/255
f 1703/415/228 769/415/13 774/413/256
f 768/474/253 786/474/259 777/473/257
f 743/537/251 781/537/258 772/435/12
f 745/512/254 783/512/255 778/510/6
f 697/443/231 775/443/260 785/538/255
f 744/508/252 782/508/257 781/507/258
f 695/523/6 773/523/6 786/535/259
f 718/539/251 776/539/258 770/412/12
f 721/475/226 779/475/256 780/478/260
f 683/438/228 771/438/13 779/436/256
f 719/473/252 777/473/257 776/472/258
f 720/510/6 778/510/6 784/522/259
f 756/509/253 784/509/259 782/508/257
f 757/525/254 785/525/255 773/523/6
f 696/440/226 774/440/256 775/443/260
f 805/540/27 802/555/22 799/541/22
f 809/543/19 792/543/11 791/544/11
f 790/545/14 806/545/39 803/546/39
f 813/547/27 810/557/22 807/548/22
f 794/550/14 814/550/39 811/551/39
f 797/552/13 798/1071/13 796/553/13
f 802/555/22 801/558/19 800/556/19
f 804/542/27 803/546/39 806/545/39
f 810/557/22 809/543/19 808/544/19
f 812/549/27 811/551/39 814/550/39
f 801/558/19 788/558/11 787/556/11
f 828/559/12 827/566/12 823/560/12
f 819/560/13 817/566/13 815/559/13
f 820/561/13 815/559/13 816/562/13
f 821/563/13 816/562/13 818/564/13
f 819/560/13 822/565/13 818/564/13
f 829/562/12 828/559/12 824/561/12
f 826/565/12 830/564/12 829/562/12
f 823/560/12 827/566/12 830/564/12
f 830/564/14 827/566/14 817/566/14
f 828/559/11 829/562/11 816/562/11
f 823/560/11 826/565/11 822/565/11
f 825/563/14 824/561/14 820/561/14
f 829/562/1 830/564/1 818/564/1
f 827/566/6 828/559/6 815/559/6
f 826/567/6 825/568/6 821/568/6
f 824/561/1 823/560/1 819/560/1
f 837/569/261 832/569/6 831/570/6
f 841/571/262 838/1072/263 835/572/263
f 834/574/1 842/574/264 839/575/264
f 838/576/263 837/1073/261 836/577/261
f 840/579/262 839/1074/264 842/580/264
f 861/582/28 856/1075/21 852/583/265
f 849/585/267 846/586/277 854/586/36
f 855/587/20 845/587/364 844/588/268
f 850/589/270 862/589/24 858/590/271
f 848/597/275 847/598/272 858/598/271
f 860/600/38 862/602/24 850/602/270
f 859/599/266 858/598/271 862/603/24
f 857/597/274 859/599/266 852/592/265
f 854/594/36 856/596/21 861/601/28
f 853/593/269 852/592/265 856/605/21
f 851/591/273 853/593/269 844/593/268
f 846/594/277 845/595/364 855/595/20
f 857/607/274 851/608/273 843/608/276
f 881/609/28 876/1076/21 872/610/265
f 869/612/267 866/613/277 874/613/36
f 875/614/20 865/614/364 864/615/268
f 870/616/270 882/616/24 878/617/271
f 868/624/275 867/625/272 878/625/271
f 880/627/38 882/629/24 870/629/270
f 879/626/266 878/625/271 882/630/24
f 877/624/274 879/626/266 872/619/265
f 874/621/36 876/623/21 881/628/28
f 873/620/269 872/619/265 876/632/21
f 871/618/273 873/620/269 864/620/268
f 866/621/277 865/622/364 875/622/20
f 877/634/274 871/635/273 863/635/276
f 895/541/30 898/555/30 901/540/41
f 887/544/11 888/543/11 905/543/16
f 899/546/25 902/545/25 886/545/14
f 903/548/30 906/557/30 909/547/41
f 907/551/25 910/550/25 890/550/14
f 891/553/12 893/1071/12 894/552/12
f 896/556/16 897/558/16 898/555/30
f 902/545/25 899/546/25 900/542/41
f 904/544/16 905/543/16 906/557/30
f 910/550/25 907/551/25 908/549/41
f 883/556/11 884/558/11 897/558/16
f 919/560/13 923/566/13 924/559/13
f 911/559/12 913/566/12 915/560/12
f 912/562/12 911/559/12 916/561/12
f 914/564/12 912/562/12 917/563/12
f 913/566/12 914/564/12 918/565/12
f 921/563/13 920/561/13 924/559/13
f 921/563/13 925/562/13 926/564/13
f 922/565/13 926/564/13 923/566/13
f 913/566/14 923/566/14 926/564/14
f 912/562/11 925/562/11 924/559/11
f 918/565/11 922/565/11 919/560/11
f 916/561/14 920/561/14 921/563/14
f 914/564/1 926/564/1 925/562/1
f 911/559/6 924/559/6 923/566/6
f 917/568/6 921/568/6 922/567/6
f 915/560/1 919/560/1 920/561/1
f 927/570/6 928/569/6 933/569/278
f 931/572/279 934/1072/279 937/571/280
f 935/575/281 938/574/281 930/574/1
f 932/577/278 933/1073/278 934/576/279
f 938/580/281 935/1074/281 936/579/280
f 948/583/282 952/1075/31 957/582/32
f 950/586/33 942/586/277 945/585/267
f 940/588/268 941/587/364 951/587/15
f 954/590/285 958/589/26 946/589/270
f 954/598/285 943/598/272 944/597/275
f 946/602/270 958/602/26 956/600/35
f 958/603/26 954/598/285 955/599/283
f 948/592/282 955/599/283 953/597/287
f 957/601/32 952/596/31 950/594/33
f 952/605/31 948/592/282 949/593/284
f 940/593/268 949/593/284 947/591/286
f 951/595/15 941/595/364 942/594/277
f 939/608/276 947/608/286 953/607/287
f 968/610/282 972/1076/31 977/609/32
f 970/613/33 962/613/277 965/612/267
f 960/615/268 961/614/364 971/614/15
f 974/617/285 978/616/26 966/616/270
f 974/625/285 963/625/272 964/624/275
f 966/629/270 978/629/26 976/627/35
f 978/630/26 974/625/285 975/626/283
f 968/619/282 975/626/283 973/624/287
f 977/628/32 972/623/31 970/621/33
f 972/632/31 968/619/282 969/620/284
f 960/620/268 969/620/284 967/618/286
f 971/622/15 961/622/364 962/621/277
f 959/635/276 967/635/286 973/634/287
f 986/636/13 1010/816/13 1004/637/13
f 987/639/12 1003/683/12 1002/640/12
f 979/642/288 981/711/288 1026/643/288
f 988/645/289 1075/691/298 1108/646/290
f 989/648/289 1069/702/298 1149/649/292
f 1003/651/293 1072/692/362 1152/652/294
f 1012/654/296 979/642/296 1053/644/296
f 985/656/289 1028/789/312 1144/657/297
f 1141/659/299 1059/1077/362 982/660/293
f 983/662/288 1020/1078/288 1150/663/301
f 988/665/288 1022/1079/288 1110/666/301
f 1060/668/13 986/636/13 1059/669/13
f 985/671/288 1078/697/302 1146/672/301
f 1111/674/290 1021/764/291 987/675/289
f 981/677/288 1063/698/302 1137/678/301
f 1066/680/13 984/686/13 1065/681/13
f 997/639/12 1013/641/12 1001/640/12
f 1016/684/13 991/818/13 994/685/13
f 998/687/303 1105/1080/304 1101/676/304
f 1078/688/13 985/717/13 1077/689/13
f 1098/680/13 1100/682/13 1099/681/13
f 999/656/303 1099/658/304 1089/691/304
f 1006/660/305 1096/1077/306 1083/692/306
f 1095/668/13 1097/670/13 1096/669/13
f 1042/695/307 1022/695/291 1108/696/290
f 1104/697/309 999/671/310 996/665/310
f 1092/698/309 994/677/310 992/662/310
f 1092/699/13 1094/753/13 1093/700/13
f 993/683/12 1001/640/12 1002/640/12
f 1004/637/13 1005/637/13 1006/638/13
f 1000/701/303 1093/706/304 1086/702/304
f 1147/703/311 1077/1080/298 986/687/289
f 984/701/289 1054/787/312 1138/705/311
f 1068/707/12 1070/877/12 1069/708/12
f 994/711/310 991/642/310 990/712/310
f 1104/688/13 1106/690/13 1105/689/13
f 1098/718/309 1000/750/310 995/719/310
f 993/723/305 1057/738/295 1029/694/300
f 1004/721/314 1010/725/296 1030/724/296
f 1010/725/296 1011/727/296 1031/726/296
f 1011/727/296 1012/654/296 1032/655/296
f 996/714/12 1014/728/12 1013/641/12
f 1014/728/12 996/714/12 995/710/12
f 1015/729/12 995/710/12 992/709/12
f 983/709/12 989/710/12 1009/729/12
f 989/710/12 988/714/12 1008/728/12
f 988/714/12 987/639/12 1007/641/12
f 1008/731/296 1024/735/296 1025/732/296
f 1007/734/296 1058/737/296 1024/735/296
f 1002/736/314 1056/754/320 1058/737/296
f 1001/736/313 1013/734/316 1018/725/316
f 989/719/288 1023/1081/288 1107/739/301
f 1015/733/316 990/712/316 991/642/316
f 1080/740/12 1082/825/12 1081/741/12
f 987/742/288 1021/1082/288 1153/743/317
f 1095/745/319 998/892/310 997/742/310
f 1071/746/12 1073/881/12 1072/716/12
f 1009/733/296 1025/732/296 1019/747/296
f 1074/748/12 1076/820/12 1075/715/12
f 980/712/288 1019/747/288 1020/749/288
f 984/750/288 1066/718/302 1143/751/301
f 1063/699/13 981/685/13 1062/700/13
f 1005/721/313 1055/722/315 1056/754/320
f 1013/734/316 1014/731/316 1017/727/316
f 1014/731/316 1015/733/316 1016/654/316
f 1035/704/11 1046/661/11 1045/755/11
f 1036/757/321 1120/758/330 1144/758/297
f 1046/694/322 1117/759/359 1141/759/299
f 1034/760/323 1026/760/323 1137/761/324
f 1036/762/323 1028/762/323 1146/763/324
f 1043/764/11 1050/780/11 1044/765/11
f 1040/738/326 1057/738/295 1152/766/294
f 1039/767/328 1129/768/347 1150/768/329
f 1044/765/11 1045/755/11 1046/661/11
f 1147/769/311 1027/770/312 1035/770/321
f 1113/771/11 1115/861/11 1114/705/11
f 1052/773/331 1038/774/331 1019/774/331
f 1057/775/295 1040/775/326 1046/776/322
f 1044/777/332 1050/778/331 1058/778/331
f 1050/778/331 1051/779/331 1024/779/331
f 1051/779/331 1052/773/331 1025/773/331
f 1042/647/11 1051/781/11 1050/780/11
f 1051/781/11 1042/647/11 1041/650/11
f 1052/782/11 1041/650/11 1039/783/11
f 1034/772/11 1037/787/11 1049/785/11
f 1037/787/11 1036/789/11 1048/788/11
f 1036/789/11 1035/704/11 1047/756/11
f 1048/790/333 1031/790/333 1032/791/333
f 1047/792/333 1030/792/333 1031/790/333
f 1045/793/334 1055/793/315 1030/792/333
f 1044/777/332 1056/777/320 1055/793/315
f 1042/794/328 1135/795/347 1110/795/329
f 1037/796/321 1114/797/330 1138/797/311
f 1043/798/307 1021/798/291 1111/799/290
f 1038/774/328 1039/800/328 1020/800/328
f 1037/801/323 1054/801/323 1143/802/324
f 1041/803/307 1023/803/291 1149/804/292
f 1041/805/328 1132/806/347 1107/806/329
f 1122/807/11 1124/857/11 1123/703/11
f 1035/808/323 1027/808/323 1140/809/335
f 1043/810/328 1126/811/350 1153/811/337
f 1116/812/11 1118/851/11 1117/659/11
f 1049/791/333 1032/791/333 1053/813/333
f 1119/814/11 1121/854/11 1120/657/11
f 1033/813/323 1053/813/323 1026/815/323
f 985/717/13 1011/817/13 1010/816/13
f 1011/817/13 985/717/13 984/686/13
f 1012/684/13 984/686/13 981/685/13
f 1005/637/13 1018/816/13 998/636/13
f 1018/816/13 1017/817/13 999/717/13
f 1017/817/13 1016/684/13 1000/686/13
f 1074/748/302 1107/1083/301 1109/819/338
f 1109/821/339 1108/1084/290 1075/822/298
f 1080/740/302 1110/1085/301 1112/824/338
f 1112/826/339 1111/1086/290 1081/827/298
f 1087/707/309 1088/877/346 1094/753/342
f 1088/829/343 1086/879/304 1093/830/304
f 1084/746/319 1085/881/344 1097/670/344
f 1085/832/345 1083/883/306 1096/833/306
f 1090/748/309 1091/820/346 1100/682/346
f 1091/823/343 1089/822/304 1099/835/304
f 1102/740/309 1103/825/342 1106/690/342
f 1103/828/343 1101/827/304 1105/837/304
f 1129/839/347 1130/840/348 1151/840/348
f 1151/841/349 1130/841/349 1128/842/308
f 1126/843/350 1127/844/351 1154/844/351
f 1154/845/352 1127/845/352 1125/846/327
f 1113/847/325 1137/847/324 1139/848/353
f 1139/849/355 1138/850/311 1114/850/330
f 1116/812/336 1140/812/335 1142/851/357
f 1142/852/358 1141/853/299 1117/853/359
f 1119/814/325 1143/814/324 1145/854/354
f 1145/855/355 1144/856/297 1120/856/330
f 1122/807/325 1146/807/324 1148/857/353
f 1148/858/355 1147/859/311 1123/859/330
f 1063/860/302 1064/1087/338 1139/861/338
f 1139/862/339 1064/831/339 1062/830/298
f 1060/668/318 1061/670/360 1142/864/360
f 1142/866/361 1061/834/361 1059/833/362
f 1066/680/302 1067/682/338 1145/868/338
f 1145/870/339 1067/836/339 1065/835/298
f 1078/688/302 1079/690/338 1148/872/338
f 1148/874/339 1079/838/341 1077/837/298
f 1068/707/302 1150/1088/301 1151/876/338
f 1151/878/339 1149/1089/292 1069/879/298
f 1071/746/318 1153/1090/317 1154/880/360
f 1154/882/361 1152/1091/294 1072/883/362
f 1132/884/347 1133/885/363 1109/885/348
f 1109/886/349 1133/886/349 1131/887/308
f 1135/888/347 1136/889/348 1112/889/363
f 1112/890/349 1136/890/437 1134/891/308
f 986/892/288 1060/745/318 1140/893/317
f 1087/707/12 992/709/12 1086/708/12
f 1090/748/12 995/710/12 1089/715/12
f 1102/740/12 996/714/12 1101/741/12
f 1084/746/12 997/639/12 1083/716/12
f 1126/843/11 1043/764/11 1125/652/11
f 1135/888/11 1042/647/11 1134/674/11
f 1132/884/11 1041/650/11 1131/646/11
f 1129/839/11 1039/783/11 1128/649/11
f 1170/895/281 1171/896/264 1158/896/273
f 1159/897/269 1165/1092/20 1163/898/15
f 1172/900/262 1173/901/263 1164/901/21
f 1174/902/261 1167/903/278 1162/903/33
f 1161/916/31 1155/1093/282 1156/917/284
f 1157/905/286 1158/907/273 1159/909/269
f 1160/919/265 1164/924/21 1165/920/20
f 1166/914/36 1162/912/33 1163/911/15
f 1155/904/282 1169/904/280 1170/905/281
f 1168/910/279 1161/910/31 1162/912/33
f 1174/914/261 1166/914/36 1164/913/21
f 1158/907/273 1171/907/264 1172/908/262
f 1168/922/279 1169/923/280 1155/923/282
f 1190/895/281 1191/896/264 1178/896/273
f 1179/897/269 1185/1092/20 1183/898/15
f 1192/900/262 1193/901/263 1184/901/21
f 1194/902/261 1187/903/278 1182/903/33
f 1181/916/31 1175/1093/282 1176/917/284
f 1177/905/286 1178/907/273 1179/909/269
f 1180/919/265 1184/924/21 1185/920/20
f 1186/914/36 1182/912/33 1183/911/15
f 1175/904/282 1189/904/280 1190/905/281
f 1188/910/279 1181/910/31 1182/912/33
f 1194/914/261 1186/914/36 1184/913/21
f 1178/907/273 1191/907/264 1192/908/262
f 1188/922/279 1189/923/280 1175/923/282
f 1210/895/281 1211/896/264 1198/896/273
f 1199/897/269 1205/1092/20 1203/898/15
f 1212/900/262 1213/901/263 1204/901/21
f 1214/902/261 1207/903/278 1202/903/33
f 1201/916/31 1195/1093/282 1196/917/284
f 1197/905/286 1198/907/273 1199/909/269
f 1200/919/265 1204/924/21 1205/920/20
f 1206/914/36 1202/912/33 1203/911/15
f 1195/904/282 1209/904/280 1210/905/281
f 1208/910/279 1201/910/31 1202/912/33
f 1214/914/261 1206/914/36 1204/913/21
f 1198/907/273 1211/907/264 1212/908/262
f 1208/922/279 1209/923/280 1195/923/282
f 1230/895/281 1231/896/264 1218/896/273
f 1219/897/269 1225/1092/20 1223/898/15
f 1232/900/262 1233/901/263 1224/901/21
f 1234/902/261 1227/903/278 1222/903/33
f 1221/916/31 1215/1093/282 1216/917/284
f 1217/905/286 1218/907/273 1219/909/269
f 1220/919/265 1224/924/21 1225/920/20
f 1226/914/36 1222/912/33 1223/911/15
f 1215/904/282 1229/904/280 1230/905/281
f 1228/910/279 1221/910/31 1222/912/33
f 1234/914/261 1226/914/36 1224/913/21
f 1218/907/273 1231/907/264 1232/908/262
f 1228/922/279 1229/923/280 1215/923/282
f 1250/895/276 1251/896/275 1238/896/274
f 1239/897/266 1245/1092/28 1243/898/21
f 1252/900/272 1253/901/270 1244/901/24
f 1254/902/267 1247/903/277 1242/903/36
f 1241/916/20 1235/1093/269 1236/917/265
f 1237/905/273 1238/907/274 1239/909/266
f 1240/919/271 1244/924/24 1245/920/28
f 1246/914/38 1242/912/36 1243/911/21
f 1235/904/269 1249/904/268 1250/905/276
f 1248/910/364 1241/910/20 1242/912/36
f 1254/914/267 1246/914/38 1244/913/24
f 1238/907/274 1251/907/275 1252/908/272
f 1248/922/364 1249/923/268 1235/923/269
f 1270/895/276 1271/896/275 1258/896/274
f 1259/897/266 1265/1092/28 1263/898/21
f 1272/900/272 1273/901/270 1264/901/24
f 1274/902/267 1267/903/277 1262/903/36
f 1261/916/20 1255/1093/269 1256/917/265
f 1257/905/273 1258/907/274 1259/909/266
f 1260/919/271 1264/924/24 1265/920/28
f 1266/914/38 1262/912/36 1263/911/21
f 1255/904/269 1269/904/268 1270/905/276
f 1268/910/364 1261/910/20 1262/912/36
f 1274/914/267 1266/914/38 1264/913/24
f 1258/907/274 1271/907/275 1272/908/272
f 1268/922/364 1269/923/268 1255/923/269
f 1290/895/276 1291/896/275 1278/896/274
f 1279/897/266 1285/1092/28 1283/898/21
f 1292/900/272 1293/901/270 1284/901/24
f 1294/902/267 1287/903/277 1282/903/36
f 1281/916/20 1275/1093/269 1276/917/265
f 1276/906/265 1277/905/273 1278/907/274
f 1280/919/271 1284/924/24 1285/920/28
f 1286/914/38 1282/912/36 1283/911/21
f 1275/904/269 1289/904/268 1290/905/276
f 1288/910/364 1281/910/20 1282/912/36
f 1294/914/267 1286/914/38 1284/913/24
f 1278/907/274 1291/907/275 1292/908/272
f 1288/922/364 1289/923/268 1275/923/269
f 1310/895/276 1311/896/275 1298/896/274
f 1299/897/266 1305/1092/28 1303/898/21
f 1312/900/272 1313/901/270 1304/901/24
f 1314/902/267 1307/903/277 1302/903/36
f 1301/916/20 1295/1093/269 1296/917/265
f 1296/906/265 1297/905/273 1298/907/274
f 1300/919/271 1304/924/24 1305/920/28
f 1305/915/28 1306/914/38 1302/912/36
f 1295/904/269 1309/904/268 1310/905/276
f 1308/910/364 1301/910/20 1302/912/36
f 1314/914/267 1306/914/38 1304/913/24
f 1298/907/274 1311/907/275 1312/908/272
f 1308/922/364 1309/923/268 1295/923/269
f 1318/896/287 1331/896/275 1330/895/276
f 1323/898/31 1325/1092/32 1319/897/283
f 1324/901/26 1333/901/270 1332/900/272
f 1322/903/33 1327/903/277 1334/902/267
f 1316/917/282 1315/1093/284 1321/916/15
f 1319/909/283 1318/907/287 1317/905/286
f 1325/920/32 1324/924/26 1320/919/285
f 1323/911/31 1322/912/33 1326/914/35
f 1330/905/276 1329/904/268 1315/904/284
f 1322/912/33 1321/910/15 1328/910/364
f 1324/913/26 1326/914/35 1334/914/267
f 1332/908/272 1331/907/275 1318/907/287
f 1315/923/284 1329/923/268 1328/922/364
f 1338/896/287 1351/896/275 1350/895/276
f 1343/898/31 1345/1092/32 1339/897/283
f 1344/901/26 1353/901/270 1352/900/272
f 1342/903/33 1347/903/277 1354/902/267
f 1336/917/282 1335/1093/284 1341/916/15
f 1339/909/283 1338/907/287 1337/905/286
f 1345/920/32 1344/924/26 1340/919/285
f 1343/911/31 1342/912/33 1346/914/35
f 1350/905/276 1349/904/268 1335/904/284
f 1342/912/33 1341/910/15 1348/910/364
f 1344/913/26 1346/914/35 1354/914/267
f 1352/908/272 1351/907/275 1338/907/287
f 1335/923/284 1349/923/268 1348/922/364
f 1358/896/287 1371/896/275 1370/895/276
f 1363/898/31 1365/1092/32 1359/897/283
f 1364/901/26 1373/901/270 1372/900/272
f 1362/903/33 1367/903/277 1374/902/267
f 1356/917/282 1355/1093/284 1361/916/15
f 1359/909/283 1358/907/287 1357/905/286
f 1365/920/32 1364/924/26 1360/919/285
f 1363/911/31 1362/912/33 1366/914/35
f 1370/905/276 1369/904/268 1355/904/284
f 1362/912/33 1361/910/15 1368/910/364
f 1364/913/26 1366/914/35 1374/914/267
f 1372/908/272 1371/907/275 1358/907/287
f 1355/923/284 1369/923/268 1368/922/364
f 1378/896/287 1391/896/275 1390/895/276
f 1383/898/31 1385/1092/32 1379/897/283
f 1384/901/26 1393/901/270 1392/900/272
f 1382/903/33 1387/903/277 1394/902/267
f 1376/917/282 1375/1093/284 1381/916/15
f 1376/906/282 1379/909/283 1378/907/287
f 1385/920/32 1384/924/26 1380/919/285
f 1385/915/32 1383/911/31 1382/912/33
f 1390/905/276 1389/904/268 1375/904/284
f 1382/912/33 1381/910/15 1388/910/364
f 1384/913/26 1386/914/35 1394/914/267
f 1392/908/272 1391/907/275 1378/907/287
f 1375/923/284 1389/923/268 1388/922/364
f 1398/896/287 1411/896/275 1410/895/276
f 1403/898/31 1405/1092/32 1399/897/283
f 1404/901/26 1413/901/270 1412/900/272
f 1402/903/33 1407/903/277 1414/902/267
f 1396/917/282 1395/1093/284 1401/916/15
f 1399/909/283 1398/907/287 1397/905/286
f 1405/920/32 1404/924/26 1400/919/285
f 1403/911/31 1402/912/33 1406/914/35
f 1410/905/276 1409/904/268 1395/904/284
f 1402/912/33 1401/910/15 1408/910/364
f 1404/913/26 1406/914/35 1414/914/267
f 1412/908/272 1411/907/275 1398/907/287
f 1395/923/284 1409/923/268 1408/922/364
f 1418/896/274 1431/896/264 1430/895/281
f 1423/898/26 1425/1092/24 1419/897/271
f 1424/901/28 1433/901/263 1432/900/262
f 1422/903/35 1427/903/278 1434/902/261
f 1416/917/285 1415/1093/283 1421/916/32
f 1419/909/271 1418/907/274 1417/905/287
f 1425/920/24 1424/924/28 1420/919/266
f 1423/911/26 1422/912/35 1426/914/38
f 1430/905/281 1429/904/280 1415/904/283
f 1422/912/35 1421/910/32 1428/910/279
f 1424/913/28 1426/914/38 1434/914/261
f 1432/908/262 1431/907/264 1418/907/274
f 1415/923/283 1429/923/280 1428/922/279
f 1438/896/274 1451/896/264 1450/895/281
f 1443/898/26 1445/1092/24 1439/897/271
f 1444/901/28 1453/901/263 1452/900/262
f 1442/903/35 1447/903/278 1454/902/261
f 1436/917/285 1435/1093/283 1441/916/32
f 1439/909/271 1438/907/274 1437/905/287
f 1445/920/24 1444/924/28 1440/919/266
f 1443/911/26 1442/912/35 1446/914/38
f 1450/905/281 1449/904/280 1435/904/283
f 1442/912/35 1441/910/32 1448/910/279
f 1444/913/28 1446/914/38 1454/914/261
f 1452/908/262 1451/907/264 1438/907/274
f 1435/923/283 1449/923/280 1448/922/279
f 1458/896/274 1471/896/264 1470/895/281
f 1463/898/26 1465/1092/24 1459/897/271
f 1464/901/28 1473/901/263 1472/900/262
f 1462/903/35 1467/903/278 1474/902/261
f 1456/917/285 1455/1093/283 1461/916/32
f 1459/909/271 1458/907/274 1457/905/287
f 1465/920/24 1464/924/28 1460/919/266
f 1463/911/26 1462/912/35 1466/914/38
f 1470/905/281 1469/904/280 1455/904/283
f 1462/912/35 1461/910/32 1468/910/279
f 1464/913/28 1466/914/38 1474/914/261
f 1472/908/262 1471/907/264 1458/907/274
f 1455/923/283 1469/923/280 1468/922/279
f 1478/896/274 1491/896/264 1490/895/281
f 1483/898/26 1485/1092/24 1479/897/271
f 1484/901/28 1493/901/263 1492/900/262
f 1482/903/35 1487/903/278 1494/902/261
f 1476/917/285 1475/1093/283 1481/916/32
f 1479/909/271 1478/907/274 1477/905/287
f 1485/920/24 1484/924/28 1480/919/266
f 1483/911/26 1482/912/35 1486/914/38
f 1490/905/281 1489/904/280 1475/904/283
f 1482/912/35 1481/910/32 1488/910/279
f 1484/913/28 1486/914/38 1494/914/261
f 1492/908/262 1491/907/264 1478/907/274
f 1475/923/283 1489/923/280 1488/922/279
f 1498/896/274 1511/896/264 1510/895/281
f 1503/898/26 1505/1092/24 1499/897/271
f 1504/901/28 1513/901/263 1512/900/262
f 1502/903/35 1507/903/278 1514/902/261
f 1496/917/285 1495/1093/283 1501/916/32
f 1499/909/271 1498/907/274 1497/905/287
f 1505/920/24 1504/924/28 1500/919/266
f 1503/911/26 1502/912/35 1506/914/38
f 1510/905/281 1509/904/280 1495/904/283
f 1502/912/35 1501/910/32 1508/910/279
f 1504/913/28 1506/914/38 1514/914/261
f 1512/908/262 1511/907/264 1498/907/274
f 1495/923/283 1509/923/280 1508/922/279
f 1518/896/274 1531/896/264 1530/895/281
f 1523/898/26 1525/1092/24 1519/897/271
f 1524/901/28 1533/901/263 1532/900/262
f 1522/903/35 1527/903/278 1534/902/261
f 1516/917/285 1515/1093/283 1521/916/32
f 1519/909/271 1518/907/274 1517/905/287
f 1525/920/24 1524/924/28 1520/919/266
f 1523/911/26 1522/912/35 1526/914/38
f 1530/905/281 1529/904/280 1515/904/283
f 1522/912/35 1521/910/32 1528/910/279
f 1524/913/28 1526/914/38 1534/914/261
f 1532/908/262 1531/907/264 1518/907/274
f 1515/923/283 1529/923/280 1528/922/279
f 1538/896/274 1551/896/264 1550/895/281
f 1543/898/26 1545/1092/24 1539/897/271
f 1544/901/28 1553/901/263 1552/900/262
f 1542/903/35 1547/903/278 1554/902/261
f 1536/917/285 1535/1093/283 1541/916/32
f 1539/909/271 1538/907/274 1537/905/287
f 1545/920/24 1544/924/28 1540/919/266
f 1543/911/26 1542/912/35 1546/914/38
f 1550/905/281 1549/904/280 1535/904/283
f 1542/912/35 1541/910/32 1548/910/279
f 1544/913/28 1546/914/38 1554/914/261
f 1552/908/262 1551/907/264 1538/907/274
f 1535/923/283 1549/923/280 1548/922/279
f 1558/896/274 1571/896/264 1570/895/281
f 1563/898/26 1565/1092/24 1559/897/271
f 1564/901/28 1573/901/263 1572/900/262
f 1562/903/35 1567/903/278 1574/902/261
f 1556/917/285 1555/1093/283 1561/916/32
f 1559/909/271 1558/907/274 1557/905/287
f 1565/920/24 1564/924/28 1560/919/266
f 1563/911/26 1562/912/35 1566/914/38
f 1570/905/281 1569/904/280 1555/904/283
f 1562/912/35 1561/910/32 1568/910/279
f 1564/913/28 1566/914/38 1574/914/261
f 1572/908/262 1571/907/264 1558/907/274
f 1555/923/283 1569/923/280 1568/922/279
f 1578/896/274 1591/896/264 1590/895/281
f 1583/898/26 1585/1092/24 1579/897/271
f 1584/901/28 1593/901/263 1592/900/262
f 1582/903/35 1587/903/278 1594/902/261
f 1576/917/285 1575/1093/283 1581/916/32
f 1579/909/271 1578/907/274 1577/905/287
f 1585/920/24 1584/924/28 1580/919/266
f 1583/911/26 1582/912/35 1586/914/38
f 1590/905/281 1589/904/280 1575/904/283
f 1582/912/35 1581/910/32 1588/910/279
f 1584/913/28 1586/914/38 1594/914/261
f 1592/908/262 1591/907/264 1578/907/274
f 1575/923/283 1589/923/280 1588/922/279
f 1598/896/274 1611/896/264 1610/895/281
f 1603/898/26 1605/1092/24 1599/897/271
f 1604/901/28 1613/901/263 1612/900/262
f 1602/903/35 1607/903/278 1614/902/261
f 1596/917/285 1595/1093/283 1601/916/32
f 1596/906/285 1599/909/271 1598/907/274
f 1599/921/271 1605/920/24 1604/924/28
f 1603/911/26 1602/912/35 1606/914/38
f 1610/905/281 1609/904/280 1595/904/283
f 1602/912/35 1601/910/32 1608/910/279
f 1604/913/28 1606/914/38 1614/914/261
f 1612/908/262 1611/907/264 1598/907/274
f 1595/923/283 1609/923/280 1608/922/279
f 1621/925/365 1620/926/375 1681/926/366
f 1618/927/368 1622/928/372 1675/928/369
f 1624/929/371 1698/929/434 1673/930/22
f 1622/928/372 1621/925/365 1679/925/367
f 1618/927/368 1678/927/370 1687/931/373
f 1620/926/375 1619/932/377 1683/932/376
f 1619/932/377 1617/933/438 1685/933/378
f 1687/931/373 1690/934/380 1625/934/379
f 1690/934/380 1692/935/433 1626/935/381
f 1626/935/381 1692/935/433 1694/936/382
f 1694/936/382 1696/937/385 1628/937/384
f 1696/937/385 1698/929/434 1624/929/371
f 1654/938/386 1633/938/393 1631/939/387
f 1647/940/389 1632/940/408 1637/941/390
f 1656/942/392 1634/942/395 1633/938/393
f 1658/943/394 1635/943/400 1634/942/395
f 1663/944/396 1641/944/402 1642/945/397
f 1650/946/399 1636/946/435 1635/943/400
f 1665/947/401 1640/947/406 1641/944/402
f 1685/933/378 1617/933/438 1615/948/12
f 1669/949/403 1638/949/407 1639/950/404
f 1667/950/405 1639/950/404 1640/947/406
f 1662/941/391 1637/941/390 1638/949/407
f 1652/939/388 1631/939/387 1632/940/408
f 1651/951/409 1648/965/420 1677/952/410
f 1659/945/398 1642/945/397 1630/954/12
f 1649/955/412 1686/978/432 1671/956/16
f 1670/958/413 1689/962/417 1688/959/414
f 1670/958/413 1668/964/419 1691/961/416
f 1666/963/418 1693/967/422 1691/961/416
f 1661/960/415 1688/959/414 1677/952/410
f 1664/966/421 1695/971/426 1693/967/422
f 1651/951/409 1676/953/411 1680/968/423
f 1664/966/421 1660/974/429 1697/970/425
f 1655/972/427 1653/969/424 1680/968/423
f 1660/974/429 1645/1094/16 1674/975/19
f 1657/976/430 1655/972/427 1682/973/428
f 1657/976/430 1684/977/431 1686/978/432
f 1676/979/411 1677/1095/410 1678/980/370
f 1676/979/411 1675/981/369 1679/982/367
f 1682/984/428 1680/983/423 1679/982/367
f 1682/984/428 1681/985/366 1683/986/376
f 1684/987/431 1683/986/376 1685/988/378
f 1689/990/417 1690/994/380 1687/991/373
f 1689/990/417 1691/996/416 1692/993/433
f 1693/995/422 1694/998/382 1692/993/433
f 1693/995/422 1695/999/426 1696/997/385
f 1695/999/426 1697/1002/425 1698/1000/434
f 1673/1001/22 1698/1000/434 1697/1002/425
f 1678/980/370 1677/1095/410 1688/992/414
f 1672/1004/30 1671/1096/16 1686/989/432
f 1652/1005/388 1647/1097/389 1648/1006/420
f 1652/1005/388 1651/1007/409 1653/1008/424
f 1654/1009/386 1653/1008/424 1655/1010/427
f 1656/1011/392 1655/1010/427 1657/1012/430
f 1658/1013/394 1657/1012/430 1649/1014/412
f 1669/1016/403 1670/1020/413 1661/1017/415
f 1669/1016/403 1667/1021/405 1668/1019/419
f 1667/1021/405 1665/1023/401 1666/1022/418
f 1665/1023/401 1663/1025/396 1664/1024/421
f 1663/1025/396 1659/1028/398 1660/1026/429
f 1645/1027/16 1660/1026/429 1659/1028/398
f 1648/1006/420 1647/1097/389 1662/1018/391
f 1644/1030/19 1643/1098/22 1650/1015/399
f 1650/946/399 1643/1031/22 1629/1031/13
f 36/1056/1 33/1056/1 26/1057/1
f 33/1056/1 34/1099/1 25/1058/1
f 38/1059/1 29/1062/1 30/1060/1
f 38/1059/1 39/1059/1 32/1062/1
f 28/1063/1 32/1062/1 39/1059/1
f 35/1064/1 36/1056/1 27/1057/1
